npc_subtype_final,comparison,gene,direction,p_val,avg_log2FC,pct.1,pct.2,p_val_adj
ECM/Adh-NPCs,severe_vs_mild,COMP,up_in_severe,2.0045778235769442e-49,2.688427964852007,0.389,0.098,3.683612208604993e-45
ECM/Adh-NPCs,severe_vs_mild,GPX3,up_in_severe,3.709743862935509e-42,3.7407979323182814,0.266,0.05,6.817025322530291e-38
ECM/Adh-NPCs,severe_vs_mild,RPS18,up_in_severe,3.279068679271879e-40,2.691285251351772,0.311,0.076,6.025616605030005e-36
ECM/Adh-NPCs,severe_vs_mild,RPS14,up_in_severe,1.1407268798484953e-36,2.7639996462742733,0.276,0.064,2.096199714409595e-32
ECM/Adh-NPCs,severe_vs_mild,COL1A1,up_in_severe,1.917881410742609e-33,2.6644792547406406,0.22,0.039,3.5242988803806183e-29
ECM/Adh-NPCs,severe_vs_mild,CLU,up_in_severe,1.596426779588491e-32,1.031651572451806,0.924,0.891,2.933593850171811e-28
ECM/Adh-NPCs,severe_vs_mild,BGN,up_in_severe,1.755140749172092e-29,1.7627042477336725,0.359,0.131,3.2252466406786363e-25
ECM/Adh-NPCs,severe_vs_mild,LRP1,up_in_severe,5.263390494647532e-27,2.3825001315773555,0.207,0.046,9.672006372964305e-23
ECM/Adh-NPCs,severe_vs_mild,PCOLCE2,down_in_severe,6.687844359838251e-24,-0.9922878489952289,0.443,0.647,1.228958279563877e-19
ECM/Adh-NPCs,severe_vs_mild,MT2A,up_in_severe,9.949340896370342e-24,1.2701508811430253,0.501,0.269,1.828290883117014e-19
ECM/Adh-NPCs,severe_vs_mild,H3F3B,down_in_severe,1.1155956700840974e-19,-0.8488990929827098,0.603,0.719,2.0500186033465373e-15
ECM/Adh-NPCs,severe_vs_mild,MFGE8,up_in_severe,4.430301836414191e-19,2.3048336866027563,0.158,0.038,8.141122654594718e-15
ECM/Adh-NPCs,severe_vs_mild,MT1X,up_in_severe,1.1109072639049373e-17,1.371256226584126,0.387,0.206,2.0414031881517128e-13
ECM/Adh-NPCs,severe_vs_mild,RPL8,up_in_severe,1.2330168470316787e-17,1.6170864122357977,0.229,0.083,2.2657917581054126e-13
ECM/Adh-NPCs,severe_vs_mild,MT-ND6,up_in_severe,1.416496323069713e-17,1.091425035742243,0.432,0.242,2.6029536432729045e-13
ECM/Adh-NPCs,severe_vs_mild,RPL29,up_in_severe,7.357953180625972e-17,2.1304182371613343,0.19,0.064,1.3520974764718286e-12
ECM/Adh-NPCs,severe_vs_mild,HSP90AA1,down_in_severe,1.6607541647471867e-15,-0.6232717017151304,0.739,0.831,3.05180185313943e-11
ECM/Adh-NPCs,severe_vs_mild,COL6A2,up_in_severe,1.4059776696968372e-14,2.2022134832958056,0.11,0.024,2.583624565834908e-10
ECM/Adh-NPCs,severe_vs_mild,JUNB,up_in_severe,3.0019425404973166e-14,1.4163699805516903,0.283,0.138,5.516369612417869e-10
ECM/Adh-NPCs,severe_vs_mild,FGFBP2,down_in_severe,1.2586808754870688e-13,-0.7544615571060032,0.644,0.773,2.3129519767950375e-9
ECM/Adh-NPCs,severe_vs_mild,ANXA1,down_in_severe,3.008001886549573e-13,-0.9178083585023771,0.525,0.649,5.527504266723495e-9
ECM/Adh-NPCs,severe_vs_mild,PRELP,up_in_severe,7.889971583439913e-13,0.48061894250325654,0.872,0.87,1.4498611781729185e-8
ECM/Adh-NPCs,severe_vs_mild,HSPA8,down_in_severe,1.4273165089441008e-12,-0.9444139645011407,0.371,0.51,2.6228368168356798e-8
ECM/Adh-NPCs,severe_vs_mild,RPS19,up_in_severe,1.986116687305854e-12,1.2873975610645705,0.238,0.111,3.649688024593237e-8
ECM/Adh-NPCs,severe_vs_mild,HMGCS1,down_in_severe,9.592086992834416e-12,-1.0492336479899214,0.216,0.37,1.7626419058032522e-7
ECM/Adh-NPCs,severe_vs_mild,CNMD,down_in_severe,1.766686790637402e-11,-0.8655439907504947,0.147,0.304,3.2464636464752903e-7
ECM/Adh-NPCs,severe_vs_mild,CD81,up_in_severe,2.5405786367101948e-11,1.541492991195244,0.14,0.048,4.668567302818654e-7
ECM/Adh-NPCs,severe_vs_mild,LUM,down_in_severe,5.0886412157540575e-11,-0.501256991371009,0.905,0.901,9.350887098069656e-7
ECM/Adh-NPCs,severe_vs_mild,HSPB1,up_in_severe,6.305241522451945e-11,2.04729141835584,0.102,0.029,1.1586511821657694e-6
ECM/Adh-NPCs,severe_vs_mild,CYR61,down_in_severe,6.947565711705014e-11,-0.6769936912959507,0.696,0.768,1.2766846751829134e-6
ECM/Adh-NPCs,severe_vs_mild,IGF2,down_in_severe,7.737680847361614e-11,-2.78658175536945,0.026,0.123,1.4218762325111703e-6
ECM/Adh-NPCs,severe_vs_mild,MGP,up_in_severe,1.9899456480557272e-10,0.9615850519837661,0.559,0.419,3.6567241228672043e-6
ECM/Adh-NPCs,severe_vs_mild,GSN,up_in_severe,2.476432582666843e-10,1.1314659621371776,0.216,0.103,4.550692513908591e-6
ECM/Adh-NPCs,severe_vs_mild,COL3A1,up_in_severe,4.0740798786209653e-10,0.6125131056848483,0.551,0.383,7.4865291849538855e-6
ECM/Adh-NPCs,severe_vs_mild,COL1A2,up_in_severe,4.3196375892597517e-10,0.6907065266084711,0.613,0.456,7.93776603402372e-6
ECM/Adh-NPCs,severe_vs_mild,MT-ND5,up_in_severe,9.819481467058032e-10,0.6062715243591481,0.523,0.366,1.804427914386584e-5
ECM/Adh-NPCs,severe_vs_mild,SERPING1,up_in_severe,2.3230818499347673e-9,1.6322953838572039,0.104,0.034,4.2688952074401286e-5
ECM/Adh-NPCs,severe_vs_mild,RRBP1,up_in_severe,2.4572987246199798e-9,1.1824684222128194,0.136,0.052,4.5155321363616745e-5
ECM/Adh-NPCs,severe_vs_mild,GADD45B,up_in_severe,2.8812981890121577e-9,1.1051933120430504,0.192,0.091,5.294673552128741e-5
ECM/Adh-NPCs,severe_vs_mild,CST3,up_in_severe,3.1696890737897448e-9,1.2992955584685482,0.149,0.063,5.824620641996035e-5
ECM/Adh-NPCs,severe_vs_mild,LAMP1,up_in_severe,9.309640063041319e-9,1.2684801258785816,0.164,0.076,1.7107394579844726e-4
ECM/Adh-NPCs,severe_vs_mild,HSPH1,down_in_severe,1.0102202484798454e-8,-0.7633339676764472,0.372,0.485,1.8563807286065638e-4
ECM/Adh-NPCs,severe_vs_mild,FUS,up_in_severe,1.182019965288105e-8,1.1888426819254077,0.132,0.053,2.1720798882134216e-4
ECM/Adh-NPCs,severe_vs_mild,ACTG1,down_in_severe,1.2970997485878525e-8,-0.3821831351440874,0.79,0.84,2.3835504980050377e-4
ECM/Adh-NPCs,severe_vs_mild,PRDX1,down_in_severe,1.5118331918077058e-8,-1.8106190366548631,0.034,0.118,2.7781446732658404e-4
ECM/Adh-NPCs,severe_vs_mild,SLC7A5,up_in_severe,1.5658102614206446e-8,1.1121132610801636,0.173,0.082,2.8773329363865764e-4
ECM/Adh-NPCs,severe_vs_mild,PGAM1,down_in_severe,1.5921662713066918e-8,-1.947851382662907,0.037,0.123,2.925764740153177e-4
ECM/Adh-NPCs,severe_vs_mild,THY1,up_in_severe,1.8212748892765737e-8,1.588641099569931,0.102,0.036,3.3467747365346315e-4
ECM/Adh-NPCs,severe_vs_mild,MT-ND1,up_in_severe,2.3283185905054896e-8,0.517517337407086,0.568,0.426,4.2785182419128877e-4
ECM/Adh-NPCs,severe_vs_mild,ID2,down_in_severe,2.8564441104612498e-8,-1.132851537671317,0.158,0.273,5.249001697383592e-4
ECM/Adh-NPCs,severe_vs_mild,IL1R1,up_in_severe,4.353189980103852e-8,1.444728412724816,0.117,0.047,7.999421907438839e-4
ECM/Adh-NPCs,severe_vs_mild,CILP2,up_in_severe,4.354376887028064e-8,1.1520936576473657,0.151,0.068,8.001602967602771e-4
ECM/Adh-NPCs,severe_vs_mild,OMD,up_in_severe,4.8866901540718426e-8,0.9254535598827458,0.186,0.094,8.979781827122418e-4
ECM/Adh-NPCs,severe_vs_mild,ANXA5,down_in_severe,5.648278175134524e-8,-0.7167500636341511,0.382,0.487,0.00103792759746272
ECM/Adh-NPCs,severe_vs_mild,ACAN,up_in_severe,6.640507419519491e-8,0.693937022059437,0.534,0.404,0.0012202596434109018
ECM/Adh-NPCs,severe_vs_mild,MT-ND2,up_in_severe,7.81853771819287e-8,0.483308723621354,0.682,0.543,0.0014367344910951219
ECM/Adh-NPCs,severe_vs_mild,PXDC1,up_in_severe,8.141831387894886e-8,1.3413424262203866,0.123,0.052,0.0014961429358395643
ECM/Adh-NPCs,severe_vs_mild,MT-ATP8,up_in_severe,8.265523589388324e-8,0.8230836570539091,0.264,0.157,0.0015188726147859985
ECM/Adh-NPCs,severe_vs_mild,LMNA,up_in_severe,8.376827392605225e-8,1.2131299087635412,0.11,0.042,0.0015393258016651362
ECM/Adh-NPCs,severe_vs_mild,MT-ND4,up_in_severe,1.1252899241979472e-7,0.4810563402974344,0.689,0.578,0.0020678327647061477
ECM/Adh-NPCs,severe_vs_mild,RPLP2,up_in_severe,1.1376323379891762e-7,1.0448578417250258,0.22,0.125,0.00209051318428891
ECM/Adh-NPCs,severe_vs_mild,CCDC80,up_in_severe,1.3380292741632138e-7,0.711788894022007,0.52,0.396,0.0024587625942023216
ECM/Adh-NPCs,severe_vs_mild,PSAP,up_in_severe,2.409265273680225e-7,0.5805595298197788,0.415,0.286,0.004427265866914782
ECM/Adh-NPCs,severe_vs_mild,ARF1,up_in_severe,2.672943957567456e-7,0.8068758214373029,0.233,0.134,0.004911801816425958
ECM/Adh-NPCs,severe_vs_mild,GAPDH,down_in_severe,3.2642888857535563e-7,-0.9669336027586612,0.276,0.37,0.005998457256460735
ECM/Adh-NPCs,severe_vs_mild,TPI1,down_in_severe,8.465032031628493e-7,-0.8423959048800418,0.236,0.343,0.01555534286132052
ECM/Adh-NPCs,severe_vs_mild,CTGF,down_in_severe,8.939468841425551e-7,-0.50607718500423,0.749,0.804,0.01642716794300359
ECM/Adh-NPCs,severe_vs_mild,MT-CO3,up_in_severe,9.011447910328706e-7,0.3697914563599376,0.603,0.461,0.01655943668002003
ECM/Adh-NPCs,severe_vs_mild,OGN,up_in_severe,1.3886131155361426e-6,0.38185258876937844,0.764,0.664,0.025517154611092156
ECM/Adh-NPCs,severe_vs_mild,CILP,up_in_severe,1.4927145152643623e-6,0.6708420592091517,0.493,0.39,0.02743012193249792
ECM/Adh-NPCs,severe_vs_mild,KLF4,down_in_severe,1.931316158118097e-6,-0.5380275294906642,0.616,0.68,0.035489865721578154
ECM/Adh-NPCs,severe_vs_mild,IDI1,down_in_severe,1.9644998065446777e-6,-1.0118844174123243,0.115,0.206,0.036099648445065
ECM/Adh-NPCs,severe_vs_mild,RPLP1,up_in_severe,2.390561077757387e-6,0.7169335102338867,0.255,0.162,0.04392895036486974
Hom-NPCs,severe_vs_mild,MGP,up_in_severe,1.6412412985539135e-51,1.6257015377845132,0.975,0.882,3.015945010222671e-47
Hom-NPCs,severe_vs_mild,CST3,up_in_severe,8.933864527893535e-44,1.81116095713885,0.657,0.338,1.641686945645716e-39
Hom-NPCs,severe_vs_mild,RPS9,up_in_severe,2.9023993097375826e-38,2.0985734145023573,0.412,0.116,5.333448971573782e-34
Hom-NPCs,severe_vs_mild,COL1A1,up_in_severe,4.1760239617264385e-34,2.4005084765304385,0.285,0.056,7.673861632068504e-30
Hom-NPCs,severe_vs_mild,H3F3B,down_in_severe,1.1489357193416815e-31,-0.7772526711263206,0.867,0.953,2.1112842778622738e-27
Hom-NPCs,severe_vs_mild,CNMD,down_in_severe,9.743218440718096e-31,-1.3301755584287043,0.238,0.594,1.7904138206663572e-26
Hom-NPCs,severe_vs_mild,CYR61,down_in_severe,4.2249879177055185e-29,-1.0230755594498895,0.843,0.933,7.763837797575661e-25
Hom-NPCs,severe_vs_mild,EEF1A1,down_in_severe,1.8173953961187524e-27,-0.7152142206680336,0.829,0.925,3.3396457799078197e-23
Hom-NPCs,severe_vs_mild,RPS14,up_in_severe,1.0233489744108411e-26,2.116398257095834,0.58,0.307,1.8805060753773615e-22
Hom-NPCs,severe_vs_mild,CLU,up_in_severe,3.643188559692142e-26,0.9784725716559537,0.961,0.939,6.69472329729028e-22
Hom-NPCs,severe_vs_mild,MT1X,up_in_severe,1.8112442470766236e-25,0.9664202406841751,0.884,0.715,3.3283424284280036e-21
Hom-NPCs,severe_vs_mild,TSPO,up_in_severe,1.028036540327708e-23,2.2931377915618953,0.296,0.093,1.8891199465061964e-19
Hom-NPCs,severe_vs_mild,MFGE8,up_in_severe,3.5502986412309156e-22,3.157436769669183,0.174,0.033,6.524028783125931e-18
Hom-NPCs,severe_vs_mild,GPX3,up_in_severe,6.903530745122398e-22,3.447580366365517,0.417,0.207,1.268592809723692e-17
Hom-NPCs,severe_vs_mild,MT2A,up_in_severe,1.7774520182288225e-21,1.2126940216887858,0.878,0.787,3.2662458286972845e-17
Hom-NPCs,severe_vs_mild,ANXA5,down_in_severe,1.7880727635937733e-21,-0.7269743424043993,0.707,0.86,3.2857625103799176e-17
Hom-NPCs,severe_vs_mild,PRDX1,down_in_severe,6.115537042327996e-21,-1.5319189565064182,0.262,0.507,1.1237910868981926e-16
Hom-NPCs,severe_vs_mild,CXCL14,up_in_severe,1.67745575538877e-20,3.592675400498633,0.141,0.021,3.0824926961024036e-16
Hom-NPCs,severe_vs_mild,ACTG1,down_in_severe,2.6013335369266107e-20,-0.6180837268851507,0.925,0.959,4.78021050745634e-16
Hom-NPCs,severe_vs_mild,CIB1,up_in_severe,3.0215002526530727e-19,3.1470526691853187,0.11,0.012,5.552308864275287e-15
Hom-NPCs,severe_vs_mild,COMP,up_in_severe,3.5075845895062255e-19,2.3401708367876473,0.251,0.083,6.44553744167664e-15
Hom-NPCs,severe_vs_mild,HSP90AB1,down_in_severe,4.7020776412628725e-19,-0.6914586259668893,0.674,0.844,8.640537873584654e-15
Hom-NPCs,severe_vs_mild,RPLP1,up_in_severe,5.366768869457994e-18,0.8411466777932679,0.771,0.607,9.86197447451601e-14
Hom-NPCs,severe_vs_mild,DNAJB1,down_in_severe,1.3954077302882722e-17,-0.9034483292164821,0.591,0.766,2.564201245177729e-13
Hom-NPCs,severe_vs_mild,RPS18,up_in_severe,1.0714435649006506e-16,2.2100522106708547,0.467,0.269,1.9688846948614356e-12
Hom-NPCs,severe_vs_mild,INSIG1,down_in_severe,3.975089590328213e-15,-0.9863577800628485,0.381,0.579,7.304624631187125e-11
Hom-NPCs,severe_vs_mild,PCOLCE2,down_in_severe,4.324312902519953e-15,-0.5913243141153721,0.715,0.838,7.946357389670665e-11
Hom-NPCs,severe_vs_mild,SSR4,up_in_severe,6.570959151005956e-15,1.449234514333011,0.202,0.064,1.2074794535888546e-10
Hom-NPCs,severe_vs_mild,NDUFA2,up_in_severe,7.553329925631407e-15,1.8916228379794302,0.18,0.052,1.3879999071340273e-10
Hom-NPCs,severe_vs_mild,EIF4A2,down_in_severe,8.652295526680295e-15,-0.9359968455288477,0.472,0.667,1.589945825982771e-10
Hom-NPCs,severe_vs_mild,GSTP1,up_in_severe,1.499163705176721e-14,1.3615719692610362,0.406,0.217,2.7548632246327427e-10
Hom-NPCs,severe_vs_mild,HSP90AA1,down_in_severe,1.5829668362123447e-14,-0.6731362535247705,0.757,0.871,2.9088598582238045e-10
Hom-NPCs,severe_vs_mild,ANXA1,down_in_severe,2.0869806693350783e-14,-0.6597006886996821,0.798,0.9,3.8350356779701397e-10
Hom-NPCs,severe_vs_mild,CTGF,down_in_severe,3.930726360436984e-14,-0.6851259143161856,0.84,0.899,7.223102759939002e-10
Hom-NPCs,severe_vs_mild,HSPA8,down_in_severe,1.268406207606477e-13,-0.8379291287761372,0.602,0.759,2.3308232470976625e-9
Hom-NPCs,severe_vs_mild,GAPDH,down_in_severe,1.3640854361307348e-13,-1.696948535042964,0.329,0.49,2.506643397433838e-9
Hom-NPCs,severe_vs_mild,ATP5EP2,up_in_severe,2.0739207420469638e-13,1.0097489475207517,0.445,0.253,3.811036755585501e-9
Hom-NPCs,severe_vs_mild,SERF2,up_in_severe,2.7798585991863396e-13,0.8205753874857034,0.713,0.577,5.108268161864818e-9
Hom-NPCs,severe_vs_mild,BGN,up_in_severe,2.861867441266735e-13,1.6229604290866355,0.29,0.131,5.258967610071752e-9
Hom-NPCs,severe_vs_mild,DUSP1,down_in_severe,6.290661994750257e-13,-1.111009058576408,0.337,0.529,1.1559720481553071e-08
Hom-NPCs,severe_vs_mild,KLF4,down_in_severe,7.965946149305923e-13,-0.8384366217052772,0.588,0.745,1.4638222643964563e-8
Hom-NPCs,severe_vs_mild,TMSB10,up_in_severe,1.1305343243660076e-12,1.938130823731707,0.171,0.056,2.0774698744549755e-8
Hom-NPCs,severe_vs_mild,MCL1,down_in_severe,1.4499197026960324e-12,-0.766379997834798,0.39,0.569,2.6643724456742292e-8
Hom-NPCs,severe_vs_mild,IDI1,down_in_severe,1.7101463801744989e-12,-0.9964384322308524,0.345,0.522,3.142564988208659e-8
Hom-NPCs,severe_vs_mild,RPL39,up_in_severe,1.7293327705216392e-12,0.8809939074726971,0.699,0.624,3.177821899110564e-8
Hom-NPCs,severe_vs_mild,HSPD1,down_in_severe,2.6986683956791693e-12,-0.9661304592196167,0.345,0.543,4.959073043900041e-8
Hom-NPCs,severe_vs_mild,HLA-C,down_in_severe,3.663751579329739e-12,-0.7809132914099495,0.461,0.638,6.732509902176328e-8
Hom-NPCs,severe_vs_mild,CRYAB,up_in_severe,7.548675705639125e-12,0.643510223607715,0.685,0.527,1.3871446476682456e-7
Hom-NPCs,severe_vs_mild,GEM,down_in_severe,8.0222128718968e-12,-1.161317363481539,0.307,0.488,1.474161837339756e-7
Hom-NPCs,severe_vs_mild,EIF5,down_in_severe,9.495400449414809e-12,-0.7444711328186617,0.434,0.612,1.7448747865844652e-7
Hom-NPCs,severe_vs_mild,RPS23,down_in_severe,9.676179944366852e-12,-0.5002161266682723,0.768,0.872,1.7780948265768527e-7
Hom-NPCs,severe_vs_mild,UAP1,down_in_severe,1.4321539443249042e-11,-0.987071229884166,0.351,0.524,2.631726088091444e-7
Hom-NPCs,severe_vs_mild,ATP5J2,up_in_severe,2.2500824285223934e-11,0.8364876678298554,0.307,0.146,4.13475147065275e-7
Hom-NPCs,severe_vs_mild,HERPUD1,down_in_severe,3.320110176249049e-11,-0.6323252148506193,0.702,0.8,6.101034459875252e-7
Hom-NPCs,severe_vs_mild,FN1,up_in_severe,3.433455272500267e-11,0.7473256782465931,0.914,0.833,6.309317408746491e-7
Hom-NPCs,severe_vs_mild,RPL29,up_in_severe,3.5644266513066484e-11,1.203691095410785,0.472,0.294,6.549990414441097e-7
Hom-NPCs,severe_vs_mild,HSPB1,up_in_severe,4.910736148975054e-11,1.3418174249726629,0.301,0.155,9.023968747356559e-7
Hom-NPCs,severe_vs_mild,S100A11,up_in_severe,5.844098284630268e-11,0.8459179660882234,0.528,0.374,1.0739115007836582e-6
Hom-NPCs,severe_vs_mild,CNBP,down_in_severe,5.922306554713141e-11,-0.8551540643746636,0.354,0.54,1.0882830524940868e-6
Hom-NPCs,severe_vs_mild,RAN,down_in_severe,5.959772998150267e-11,-0.7863349662711019,0.555,0.687,1.095167886140093e-6
Hom-NPCs,severe_vs_mild,EMP1,down_in_severe,6.952009139784945e-11,-0.7669072662125132,0.597,0.751,1.2775011995268814e-6
Hom-NPCs,severe_vs_mild,DEFB1,up_in_severe,7.656596567689451e-11,1.313981715117314,0.318,0.164,1.4069761852786136e-6
Hom-NPCs,severe_vs_mild,OAZ1,up_in_severe,1.0010358456810724e-10,0.6958641035427733,0.671,0.545,1.8395034700235386e-6
Hom-NPCs,severe_vs_mild,MRPL57,up_in_severe,1.0078078868183522e-10,1.609030297610065,0.149,0.049,1.851947772817404e-6
Hom-NPCs,severe_vs_mild,RPL18,up_in_severe,1.0535919760869306e-10,1.3759628804422341,0.191,0.074,1.9360806152573435e-6
Hom-NPCs,severe_vs_mild,UBL5,up_in_severe,1.1101946583604724e-10,0.82154849715002,0.434,0.258,2.0400937042032043e-6
Hom-NPCs,severe_vs_mild,WBP2,up_in_severe,1.2503777365459461e-10,2.11023289515872,0.133,0.04,2.2976941286768305e-6
Hom-NPCs,severe_vs_mild,CRLF1,up_in_severe,1.287005208105299e-10,1.437488801557175,0.215,0.092,2.3650007704142976e-6
Hom-NPCs,severe_vs_mild,PGK1,down_in_severe,1.3802647629251918e-10,-0.6844596694894278,0.478,0.648,2.5363745283513327e-6
Hom-NPCs,severe_vs_mild,CD81,up_in_severe,1.58445606145121e-10,0.9577458559026779,0.326,0.172,2.9115964585227433e-6
Hom-NPCs,severe_vs_mild,ATP1B1,down_in_severe,1.757970634248358e-10,-1.2066992758939712,0.254,0.419,3.2304468374947824e-6
Hom-NPCs,severe_vs_mild,CLEC11A,up_in_severe,2.7301600814852635e-10,2.216950415396175,0.144,0.048,5.01694216573732e-6
Hom-NPCs,severe_vs_mild,HSP90B1,down_in_severe,2.8596224549991755e-10,-0.7399722321779114,0.464,0.618,5.254842223306485e-6
Hom-NPCs,severe_vs_mild,RPS27L,up_in_severe,3.434797941611487e-10,1.1912248396885665,0.475,0.318,6.311784697505269e-6
Hom-NPCs,severe_vs_mild,RTN4,down_in_severe,3.571492348431758e-10,-0.7007645238587661,0.486,0.617,6.562974339478199e-6
Hom-NPCs,severe_vs_mild,CD151,up_in_severe,4.285171017598178e-10,1.8019644781419626,0.124,0.038,7.874430261938412e-6
Hom-NPCs,severe_vs_mild,BTG1,down_in_severe,5.306759101237333e-10,-0.6641342301094886,0.503,0.66,9.751700524433724e-6
Hom-NPCs,severe_vs_mild,RPS29,up_in_severe,6.266578836304927e-10,0.5254416206281336,0.895,0.935,1.1515465269593934e-5
Hom-NPCs,severe_vs_mild,WSB1,down_in_severe,7.140473976893097e-10,-1.1308641594290338,0.227,0.398,1.3121334979938755e-5
Hom-NPCs,severe_vs_mild,MT1G,up_in_severe,7.533703567086652e-10,1.0030001981696595,0.431,0.28,1.3843933674878432e-5
Hom-NPCs,severe_vs_mild,SMDT1,up_in_severe,7.550482396728616e-10,1.0522940701023082,0.301,0.156,1.3874766452228504e-5
Hom-NPCs,severe_vs_mild,HLA-DPB1,up_in_severe,7.912491801422745e-10,1.302428896732707,0.122,0.036,1.4539994934294437e-5
Hom-NPCs,severe_vs_mild,RPS10,up_in_severe,9.133358564660035e-10,0.926080448191225,0.276,0.137,1.678345969841928e-5
Hom-NPCs,severe_vs_mild,IFITM2,up_in_severe,9.728031319178293e-10,0.9640427894828829,0.412,0.244,1.787623035212203e-5
Hom-NPCs,severe_vs_mild,LGALS1,up_in_severe,1.080056276818532e-9,1.1102674206227465,0.229,0.105,1.984711414281734e-5
Hom-NPCs,severe_vs_mild,PNRC2,down_in_severe,1.1629003273104756e-9,-0.6376298709043002,0.425,0.581,2.13694564146573e-5
Hom-NPCs,severe_vs_mild,DNAJA1,down_in_severe,1.167989234321383e-9,-0.5853030726642703,0.63,0.779,2.1462970169889733e-5
Hom-NPCs,severe_vs_mild,SDC2,down_in_severe,1.3339444685772637e-9,-0.7327975340075397,0.472,0.607,2.45125635545758e-5
Hom-NPCs,severe_vs_mild,NDUFB2,up_in_severe,1.3755828617947198e-9,0.7243776801097428,0.456,0.289,2.527771066833977e-5
Hom-NPCs,severe_vs_mild,SOD3,up_in_severe,1.4959061052910168e-9,1.4269495681654052,0.204,0.09,2.7488770590827725e-5
Hom-NPCs,severe_vs_mild,PTGS2,down_in_severe,1.5446254003063104e-9,-1.7712249148722743,0.13,0.28,2.838403635602876e-5
Hom-NPCs,severe_vs_mild,SIVA1,up_in_severe,1.6310921610772734e-9,1.3965201720707718,0.135,0.045,2.9972949551955975e-5
Hom-NPCs,severe_vs_mild,UQCRQ,up_in_severe,1.7591014161328074e-9,0.7355793802125272,0.547,0.383,3.232524762285647e-5
Hom-NPCs,severe_vs_mild,OAT,down_in_severe,1.8737769509671065e-9,-0.8014529681645306,0.367,0.526,3.443252525097155e-5
Hom-NPCs,severe_vs_mild,NDUFB1,up_in_severe,2.036344206239311e-9,0.886072594414731,0.464,0.303,3.741986113385358e-5
Hom-NPCs,severe_vs_mild,CLEC3A,down_in_severe,2.3354798803593047e-9,-0.6726543857714189,0.42,0.581,4.291677828148258e-5
Hom-NPCs,severe_vs_mild,PLOD2,down_in_severe,2.43158104866603e-9,-0.7771485751455964,0.511,0.615,4.468273335028697e-5
Hom-NPCs,severe_vs_mild,FGFBP2,down_in_severe,3.30065802356725e-9,-0.45385713928650784,0.878,0.944,6.0652891841071786e-5
Hom-NPCs,severe_vs_mild,ID1,up_in_severe,4.415301861928393e-9,1.337052205197601,0.221,0.105,8.113558701479615e-5
Hom-NPCs,severe_vs_mild,LDHA,down_in_severe,7.198759179609717e-9,-0.4749989391268068,0.779,0.848,1.3228439868450816e-4
Hom-NPCs,severe_vs_mild,RPS19,up_in_severe,7.49560508562922e-9,1.1298972655463904,0.547,0.41,1.3773923905352256e-4
Hom-NPCs,severe_vs_mild,JDP2,up_in_severe,8.347001032331256e-9,1.191927920657634,0.16,0.064,1.5338449097011917e-4
Hom-NPCs,severe_vs_mild,PLAUR,up_in_severe,8.408990010774371e-9,0.9796793648597959,0.409,0.268,1.5452360043798985e-4
Hom-NPCs,severe_vs_mild,HMGCS1,down_in_severe,8.935907227609906e-9,-0.9832278735990558,0.246,0.392,1.6420623121455962e-4
Hom-NPCs,severe_vs_mild,MT-CO3,up_in_severe,1.1199507605174798e-8,0.46676948788376915,0.826,0.829,2.0580215175269208e-4
Hom-NPCs,severe_vs_mild,CP,down_in_severe,1.142718694082335e-8,-2.079279168622624,0.044,0.159,2.0998598722456988e-4
Hom-NPCs,severe_vs_mild,BTF3,down_in_severe,1.1466513437705291e-8,-0.5243953624851603,0.74,0.812,2.1070865093127241e-4
Hom-NPCs,severe_vs_mild,TPI1,down_in_severe,1.1707020111272002e-8,-0.6594387388182175,0.478,0.617,2.151282015647343e-4
Hom-NPCs,severe_vs_mild,RPLP0,up_in_severe,1.5913223446280127e-8,0.6483407414524784,0.566,0.418,2.924213940488436e-4
Hom-NPCs,severe_vs_mild,PTMS,up_in_severe,1.6501998734738564e-8,1.2318057746795874,0.191,0.084,3.0324072874955585e-4
Hom-NPCs,severe_vs_mild,COL1A2,up_in_severe,1.878561289858072e-8,0.9035372445333443,0.42,0.276,3.452044226243193e-4
Hom-NPCs,severe_vs_mild,BRI3,up_in_severe,2.025722203145477e-8,1.2896794967162786,0.202,0.094,3.722467120500128e-4
Hom-NPCs,severe_vs_mild,CYCS,down_in_severe,2.2017595585961897e-8,-0.5466069743333821,0.588,0.71,4.045953364876358e-4
Hom-NPCs,severe_vs_mild,DDX5,down_in_severe,2.3618416832288354e-8,-0.4562821808188322,0.649,0.738,4.340120277101308e-4
Hom-NPCs,severe_vs_mild,TM4SF1,down_in_severe,2.3993870778107012e-8,-0.9938193391103958,0.271,0.413,4.4091136941849443e-4
Hom-NPCs,severe_vs_mild,INHBA,down_in_severe,2.4004446283005008e-8,-0.5949834389527449,0.486,0.625,4.411057048965e-4
Hom-NPCs,severe_vs_mild,PRDX4,down_in_severe,2.4311856933500105e-8,-0.5522231690552473,0.619,0.729,4.4675468300999795e-4
Hom-NPCs,severe_vs_mild,AES,up_in_severe,2.5088466709316718e-8,2.2105535910337215,0.102,0.032,4.6102566425040403e-4
Hom-NPCs,severe_vs_mild,NDUFA4,up_in_severe,2.534706796257733e-8,0.8199429166694225,0.558,0.41,4.6577772088032105e-4
Hom-NPCs,severe_vs_mild,SUB1,down_in_severe,2.7360588543775995e-8,-0.6388746735536626,0.522,0.643,5.027781750804276e-4
Hom-NPCs,severe_vs_mild,GADD45B,up_in_severe,2.8935253935570918e-8,0.991782597744953,0.45,0.303,5.317142263200512e-4
Hom-NPCs,severe_vs_mild,TMSB4X,up_in_severe,3.035421980646104e-8,0.8214587374984248,0.594,0.472,5.577891431635281e-4
Hom-NPCs,severe_vs_mild,ID2,down_in_severe,3.491744303930901e-8,-0.5902281751052079,0.547,0.682,6.416429332903424e-4
Hom-NPCs,severe_vs_mild,RPS28,down_in_severe,3.542049651465333e-8,-0.7656466690141639,0.331,0.482,6.508870439532696e-4
Hom-NPCs,severe_vs_mild,RPL28,up_in_severe,3.712269235478561e-8,1.4933867490239923,0.21,0.105,6.821665947115403e-4
Hom-NPCs,severe_vs_mild,PRNP,down_in_severe,3.939620451957678e-8,-1.0469920709826597,0.152,0.298,7.23944654251743e-4
Hom-NPCs,severe_vs_mild,RPS4Y1,down_in_severe,4.6301897317280685e-8,-0.9541503874832584,0.08,0.211,8.508436651023498e-4
Hom-NPCs,severe_vs_mild,RPL27A,up_in_severe,4.6580335263242105e-8,0.43272648834447747,0.867,0.893,8.559602407973369e-4
Hom-NPCs,severe_vs_mild,RHEB,down_in_severe,4.88332615636959e-8,-1.1660716938651823,0.18,0.317,8.973600144944759e-4
Hom-NPCs,severe_vs_mild,SERPINA5,down_in_severe,5.5799923808657506e-8,-0.9046406453950353,0.282,0.424,0.0010253793999078903
Hom-NPCs,severe_vs_mild,MIA,up_in_severe,5.623493420366049e-8,1.0114899676843692,0.296,0.171,0.001033373150926465
Hom-NPCs,severe_vs_mild,STK26,down_in_severe,6.083261464652248e-8,-1.179621053458542,0.094,0.22,0.001117860126744497
Hom-NPCs,severe_vs_mild,CHCHD2,up_in_severe,6.297070378157416e-8,0.6970151230712802,0.63,0.527,0.0011571496526902067
Hom-NPCs,severe_vs_mild,MAFF,down_in_severe,6.328921014055356e-8,-0.9535482673423512,0.16,0.298,0.0011630025255428122
Hom-NPCs,severe_vs_mild,HBB,up_in_severe,6.333689418031459e-8,1.429616406053154,0.116,0.04,0.001163878767457461
Hom-NPCs,severe_vs_mild,SRSF3,down_in_severe,7.360001008425604e-8,-0.5311127217017559,0.467,0.615,0.001352473785308289
Hom-NPCs,severe_vs_mild,BASP1,up_in_severe,7.912965383683297e-8,1.558770693334836,0.122,0.044,0.0014540865189056427
Hom-NPCs,severe_vs_mild,ATPIF1,up_in_severe,8.565486153011514e-8,0.9264700115706915,0.326,0.194,0.0015739937354773959
Hom-NPCs,severe_vs_mild,HLA-A,down_in_severe,8.584573880582186e-8,-0.7111553974263551,0.497,0.605,0.0015775012962957824
Hom-NPCs,severe_vs_mild,PRELP,up_in_severe,9.542441976149193e-8,0.563596492148613,0.892,0.854,0.0017535191375371757
Hom-NPCs,severe_vs_mild,RCN2,down_in_severe,9.592730800675223e-8,-0.7460567788071337,0.326,0.464,0.001762760211932079
Hom-NPCs,severe_vs_mild,YWHAZ,down_in_severe,1.0523785749082914e-7,-0.5532489431034029,0.494,0.629,0.0019338508692514763
Hom-NPCs,severe_vs_mild,COX8A,up_in_severe,1.1168045919515892e-7,0.7587294902767924,0.307,0.176,0.0020522401181702404
Hom-NPCs,severe_vs_mild,SRSF2,down_in_severe,1.1317900708384207e-7,-0.6665589971218955,0.384,0.525,0.002079777434172682
Hom-NPCs,severe_vs_mild,NNMT,up_in_severe,1.2237166805957653e-7,0.6943447257263486,0.517,0.38,0.0022487017722627786
Hom-NPCs,severe_vs_mild,VKORC1,up_in_severe,1.2703588471029113e-7,0.7164767953102524,0.514,0.399,0.0023344114174363097
Hom-NPCs,severe_vs_mild,NDUFA4L2,up_in_severe,1.3473163581691231e-7,1.5990985799599473,0.127,0.048,0.0024758285397715805
Hom-NPCs,severe_vs_mild,PNP,down_in_severe,1.8034035707577722e-7,-1.3526955138109784,0.157,0.287,0.003313934401624482
Hom-NPCs,severe_vs_mild,SOX9,down_in_severe,1.9068277093687021e-7,-0.5851396232405426,0.456,0.59,0.003503986598735927
Hom-NPCs,severe_vs_mild,ROMO1,up_in_severe,1.914955481174787e-7,1.2746149305932732,0.227,0.12,0.0035189221922067885
Hom-NPCs,severe_vs_mild,SCRG1,up_in_severe,1.925226515796574e-7,0.457632124440444,0.961,0.946,0.0035377962454277846
Hom-NPCs,severe_vs_mild,GPX1,up_in_severe,1.9282064241707063e-7,1.5695669343121277,0.105,0.036,0.00354327212505609
Hom-NPCs,severe_vs_mild,RPL8,up_in_severe,2.0648335602516377e-7,1.2803845353161034,0.428,0.299,0.003794338150318409
Hom-NPCs,severe_vs_mild,HNRNPK,down_in_severe,2.1539382930141182e-7,-0.5766834438351713,0.343,0.488,0.003958077007242744
Hom-NPCs,severe_vs_mild,MIR22HG,down_in_severe,2.722350483221708e-7,-0.7795339548679407,0.337,0.472,0.005002591247968211
Hom-NPCs,severe_vs_mild,RPS17,down_in_severe,2.869975713473366e-7,-0.3785251091135695,0.829,0.899,0.005273867371078657
Hom-NPCs,severe_vs_mild,SERPINA1,down_in_severe,3.042136366677986e-7,-0.4395256293490948,0.519,0.684,0.005590229787407467
Hom-NPCs,severe_vs_mild,RGCC,up_in_severe,3.358191992021523e-7,0.33984244689868337,0.95,0.935,0.006171013604538751
Hom-NPCs,severe_vs_mild,RPL5,down_in_severe,4.0398953038167574e-7,-0.31638402047284586,0.848,0.918,0.007423711610293674
Hom-NPCs,severe_vs_mild,POLR2F,up_in_severe,4.403635775379602e-7,1.431468908501846,0.16,0.072,0.008092121100837558
Hom-NPCs,severe_vs_mild,SERPING1,up_in_severe,4.6987451522021266e-7,0.9868520603792867,0.196,0.098,0.008634414091686629
Hom-NPCs,severe_vs_mild,NAP1L1,down_in_severe,5.087144750380272e-7,-0.45341779518586733,0.685,0.77,0.009348137193298788
Hom-NPCs,severe_vs_mild,ATP5J,up_in_severe,5.329067366037508e-7,0.5794961707629547,0.558,0.427,0.009792694191830525
Hom-NPCs,severe_vs_mild,RPL11,down_in_severe,5.414978490575155e-7,-0.2779922511745667,0.773,0.862,0.009950564474280905
Hom-NPCs,severe_vs_mild,ELOB,up_in_severe,5.797992247315597e-7,1.6534107124619755,0.113,0.043,0.010654390553667141
Hom-NPCs,severe_vs_mild,P4HA1,down_in_severe,6.06890643938121e-7,-0.6412544263244799,0.293,0.432,0.011152222473006911
Hom-NPCs,severe_vs_mild,LITAF,down_in_severe,7.036126938808999e-7,-0.685691413134891,0.337,0.469,0.012929586862755416
Hom-NPCs,severe_vs_mild,MYL6,up_in_severe,8.182009882245774e-7,0.5427578613408133,0.685,0.621,0.015035261359614834
Hom-NPCs,severe_vs_mild,UGDH,down_in_severe,8.902928601153603e-7,-0.7816121349655987,0.262,0.395,0.01636002159747986
Hom-NPCs,severe_vs_mild,PRSS23,down_in_severe,9.264665003322327e-7,-0.9225440107612797,0.257,0.379,0.01702474841010511
Hom-NPCs,severe_vs_mild,NPM1,down_in_severe,9.306559041732478e-7,-0.3844968364288861,0.718,0.822,0.017101732895087603
Hom-NPCs,severe_vs_mild,BTG2,down_in_severe,9.776914238999895e-7,-0.7078029096783656,0.337,0.476,0.017966057605586207
Hom-NPCs,severe_vs_mild,CDC42SE1,up_in_severe,1.0111512818621903e-6,1.3057919740951827,0.133,0.056,0.01858091595549961
Hom-NPCs,severe_vs_mild,COX17,up_in_severe,1.0239020962280952e-6,0.7030223603594917,0.323,0.207,0.018815224920287477
Hom-NPCs,severe_vs_mild,RPL9,up_in_severe,1.1515726285792421e-6,0.47773304062455546,0.453,0.309,0.021161298622772155
Hom-NPCs,severe_vs_mild,ITM2A,down_in_severe,1.1683012005064929e-6,-0.5825629198031246,0.517,0.639,0.021468702860507314
Hom-NPCs,severe_vs_mild,SNRPB,up_in_severe,1.2563153099158998e-6,1.40628145050328,0.127,0.053,0.023086050135014576
Hom-NPCs,severe_vs_mild,PDIA3,down_in_severe,1.2614499939269226e-6,-0.6352100032089332,0.309,0.442,0.02318040508840113
Hom-NPCs,severe_vs_mild,NDUFAF3,up_in_severe,1.3686549794920768e-6,0.9778713607219518,0.157,0.073,0.025150403903146403
Hom-NPCs,severe_vs_mild,PTMA,down_in_severe,1.5280658630419376e-6,-0.3521046427499366,0.76,0.84,0.028079738299258646
Hom-NPCs,severe_vs_mild,FAU,up_in_severe,1.607534943975272e-6,0.6058631084579154,0.519,0.379,0.029540062130489597
Hom-NPCs,severe_vs_mild,RAB1A,down_in_severe,1.8229218921228646e-6,-0.40570191963652347,0.541,0.67,0.03349801268964976
Hom-NPCs,severe_vs_mild,NR4A2,down_in_severe,1.849035915877512e-6,-1.3529068573033007,0.146,0.258,0.033977883990165166
Hom-NPCs,severe_vs_mild,HMGCR,down_in_severe,1.8696686597518156e-6,-0.9769978613490076,0.152,0.27,0.034357031291599366
Hom-NPCs,severe_vs_mild,PLOD1,down_in_severe,1.969785068300352e-6,-1.7454631304333743,0.055,0.15,0.03619677041508727
Hom-NPCs,severe_vs_mild,COMT,up_in_severe,2.464233567071131e-6,0.8568209118957911,0.26,0.154,0.0452827560284991
Hom-NPCs,severe_vs_mild,RAB11B,up_in_severe,2.713009679484834e-6,1.5712671319449754,0.124,0.053,0.049854265870213306
Eff-NPCs,severe_vs_mild,LRP1,up_in_severe,3.404713194515316e-16,4.464695356533736,0.298,0.039,6.256500966241345e-12
Eff-NPCs,severe_vs_mild,COMP,up_in_severe,3.229993445283881e-11,2.3895514963098545,0.365,0.103,5.93543595505366e-7
Eff-NPCs,severe_vs_mild,GPX3,up_in_severe,6.49277188413867e-11,2.88601665592436,0.663,0.471,1.193111761429322e-6
Eff-NPCs,severe_vs_mild,EEF1A1,down_in_severe,2.2432840244779935e-10,-0.7693422045410836,0.721,0.911,4.1222587233807606e-6
Eff-NPCs,severe_vs_mild,CLU,up_in_severe,2.830105390916906e-10,0.733708058914555,0.99,0.995,5.200601666348907e-6
Eff-NPCs,severe_vs_mild,RPL14,down_in_severe,5.106408590192629e-10,-1.0732748994266892,0.308,0.676,9.383536425337975e-6
Eff-NPCs,severe_vs_mild,ZFP36,up_in_severe,2.7019104204855724e-9,2.377844969580645,0.702,0.508,4.965030588684288e-5
Eff-NPCs,severe_vs_mild,ACTG1,down_in_severe,3.145139616996122e-9,-0.6693705008755657,0.827,0.974,5.779508560192073e-5
Eff-NPCs,severe_vs_mild,PDE4B,down_in_severe,5.135780043251844e-9,-1.8319547537588599,0.096,0.418,9.437509407479588e-5
Eff-NPCs,severe_vs_mild,RPS4Y1,down_in_severe,9.561927168661877e-9,-2.2726810971866946,0.038,0.324,1.7570997365133064e-4
Eff-NPCs,severe_vs_mild,JUNB,up_in_severe,1.2833712500058173e-8,2.149241852823498,0.606,0.476,2.3583230090106898e-4
Eff-NPCs,severe_vs_mild,KLF6,down_in_severe,1.973506136370301e-8,-1.151923204903047,0.212,0.558,3.626514876194065e-4
Eff-NPCs,severe_vs_mild,COL1A1,up_in_severe,2.0747255728765772e-8,2.186205095528572,0.317,0.103,3.812515712717998e-4
Eff-NPCs,severe_vs_mild,RPS3,down_in_severe,2.1563165542246414e-8,-1.09577733963954,0.327,0.645,3.962447300043201e-4
Eff-NPCs,severe_vs_mild,SUB1,down_in_severe,2.3320331412548002e-8,-1.1735164302556385,0.221,0.561,4.2853441003698207e-4
Eff-NPCs,severe_vs_mild,NAP1L1,down_in_severe,3.041906760464692e-8,-0.8657246275910091,0.615,0.853,5.589807863029918e-4
Eff-NPCs,severe_vs_mild,LRRC75A,down_in_severe,7.852167850632698e-8,-1.0063220484313764,0.308,0.645,0.0014429143642322646
Eff-NPCs,severe_vs_mild,CP,down_in_severe,1.5280108823616647e-7,-1.8002809297222726,0.106,0.392,0.002807872797427795
Eff-NPCs,severe_vs_mild,HIF1A,down_in_severe,1.6084510309412e-7,-0.8078531245982108,0.144,0.442,0.002955689614457549
Eff-NPCs,severe_vs_mild,CNBP,down_in_severe,2.0858683756787673e-7,-0.8226468395033049,0.26,0.579,0.003832991727147303
Eff-NPCs,severe_vs_mild,BIRC2,down_in_severe,2.2020012057243864e-7,-1.349518397641214,0.25,0.547,0.004046397415639133
Eff-NPCs,severe_vs_mild,RPL4,down_in_severe,2.2368141594143646e-7,-0.659219090325474,0.452,0.761,0.004110369699339836
Eff-NPCs,severe_vs_mild,RPL11,down_in_severe,3.050144349629899e-7,-0.7636186406371301,0.587,0.818,0.005604945256879902
Eff-NPCs,severe_vs_mild,COL6A2,up_in_severe,3.9058170739303424e-7,3.2129501311362008,0.163,0.032,0.0071773294550543975
Eff-NPCs,severe_vs_mild,F13A1,down_in_severe,4.4334331185504666e-7,-1.1319030595455875,0.317,0.626,0.008146876698648338
Eff-NPCs,severe_vs_mild,PRELP,up_in_severe,4.5098175170036144e-7,1.0337647956814013,0.856,0.832,0.008287240669245842
Eff-NPCs,severe_vs_mild,ANXA5,down_in_severe,4.5668021825810384e-7,-0.6529953780063615,0.721,0.897,0.008391955690710917
Eff-NPCs,severe_vs_mild,CALM2,down_in_severe,4.7095866390959607e-7,-0.7140108076392373,0.49,0.789,0.008654336408002738
Eff-NPCs,severe_vs_mild,RAN,down_in_severe,4.729497418308044e-7,-0.7871298007743825,0.423,0.724,0.008690924455882862
Eff-NPCs,severe_vs_mild,CST3,up_in_severe,4.798657578475776e-7,1.8637655428454192,0.5,0.292,0.008818013166207086
Eff-NPCs,severe_vs_mild,MFGE8,up_in_severe,5.074521998636773e-7,3.218626433581547,0.231,0.068,0.009324941624694934
Eff-NPCs,severe_vs_mild,RPL35A,down_in_severe,6.273544065744823e-7,-0.5998455116314934,0.519,0.853,0.011528264575212686
Eff-NPCs,severe_vs_mild,RPS23,down_in_severe,9.854749324860462e-7,-0.7902408396878129,0.529,0.789,0.018109087359363583
Eff-NPCs,severe_vs_mild,ETS1,down_in_severe,1.046107355630364e-6,-1.364345804205545,0.173,0.458,0.019223268767063567
Eff-NPCs,severe_vs_mild,RBM3,down_in_severe,1.062510259302772e-6,-1.0229154888204415,0.212,0.479,0.019524688524947736
Eff-NPCs,severe_vs_mild,PRDX1,down_in_severe,1.1232249924467977e-6,-1.4018836557107026,0.125,0.395,0.020640382461202356
Eff-NPCs,severe_vs_mild,RPL24,down_in_severe,1.4420987699041435e-6,-0.782925420346811,0.375,0.658,0.02650000699575854
Eff-NPCs,severe_vs_mild,RPL30,down_in_severe,1.5214019716746567e-6,-0.48022490245964544,0.74,0.916,0.02795728263149349
Eff-NPCs,severe_vs_mild,PNRC2,down_in_severe,1.6007234279298528e-6,-0.5657475223267872,0.452,0.75,0.029414893711638974
Ht-NPCs,severe_vs_mild,SPARC,up_in_severe,1.8071189913976024e-7,3.234576416347142,0.929,0.789,0.003320761858592234
Ht-NPCs,severe_vs_mild,SLC25A3,down_in_severe,4.3729528723267273e-7,-7.372560930945135,0,0.632,0.008035738198187594
Ht-NPCs,severe_vs_mild,COL2A1,up_in_severe,2.7088084485221305e-6,2.79126416316233,0.893,0.684,0.049777064050042674
Fibro-NPCs,severe_vs_mild,RPS18,up_in_severe,3.884586673927376e-57,3.822046367831909,0.423,0.049,7.138316472008946e-53
Fibro-NPCs,severe_vs_mild,RPS14,up_in_severe,1.9048142402325344e-40,3.363949674273794,0.328,0.04,3.5002866478513056e-36
Fibro-NPCs,severe_vs_mild,LGALS1,up_in_severe,3.478449565114226e-28,1.904709126921062,0.385,0.121,6.3919989208539015e-24
Fibro-NPCs,severe_vs_mild,RPL29,up_in_severe,1.2751841352840359e-26,2.646128322702043,0.307,0.081,2.3432783669979444e-22
Fibro-NPCs,severe_vs_mild,TMSB10,up_in_severe,1.0285737266521616e-23,3.1049569029506596,0.224,0.037,1.890107080096012e-19
Fibro-NPCs,severe_vs_mild,COL1A1,up_in_severe,3.8349048549077385e-22,0.7657584773871493,0.955,0.79,7.04702116137846e-18
Fibro-NPCs,severe_vs_mild,PCOLCE2,down_in_severe,1.6853047319032662e-21,-2.204398302831629,0.17,0.375,3.096915975345442e-17
Fibro-NPCs,severe_vs_mild,HSP90AA1,down_in_severe,5.852023521595875e-21,-0.7359639105141058,0.756,0.868,1.0753678423284579e-16
Fibro-NPCs,severe_vs_mild,MT-ND1,up_in_severe,9.121426875790175e-20,0.7201095905024397,0.781,0.569,1.6761534026952027e-15
Fibro-NPCs,severe_vs_mild,COL3A1,up_in_severe,2.4387854005486063e-19,0.596236988200924,0.964,0.863,4.481512052048119e-15
Fibro-NPCs,severe_vs_mild,RPS19,up_in_severe,1.7053901854393186e-18,1.9099175972237135,0.29,0.102,3.133825004763292e-14
Fibro-NPCs,severe_vs_mild,RPL8,up_in_severe,1.922501034481077e-15,2.1574458124524956,0.207,0.059,3.5327879009624265e-11
Fibro-NPCs,severe_vs_mild,MMP14,up_in_severe,1.7094310755848e-14,4.850839872714914,0.118,0.013,3.141250544494629e-10
Fibro-NPCs,severe_vs_mild,COL6A2,up_in_severe,3.339759490952226e-14,2.4142311348621015,0.179,0.048,6.13714204057381e-10
Fibro-NPCs,severe_vs_mild,COL1A2,up_in_severe,6.777347847263469e-14,0.5779337819667889,0.976,0.933,1.245405440413135e-9
Fibro-NPCs,severe_vs_mild,BGN,up_in_severe,8.774427249573518e-14,1.2103482726502368,0.307,0.137,1.6123887513816295e-9
Fibro-NPCs,severe_vs_mild,PCOLCE,up_in_severe,1.2519955248252094e-13,3.073802464214638,0.135,0.024,2.300666976418805e-9
Fibro-NPCs,severe_vs_mild,RPLP2,up_in_severe,1.8478138686587252e-13,1.6400832587641772,0.257,0.103,3.3955427650472736e-9
Fibro-NPCs,severe_vs_mild,MT-ND3,up_in_severe,2.6549394537991546e-12,0.5879582423457155,0.76,0.561,4.878716740301326e-8
Fibro-NPCs,severe_vs_mild,MFGE8,up_in_severe,6.283183131576107e-12,2.3379747771097676,0.143,0.035,1.1545977322584256e-7
Fibro-NPCs,severe_vs_mild,THY1,up_in_severe,9.65865229655995e-12,1.8357679796370383,0.179,0.057,1.7748739460158562e-7
Fibro-NPCs,severe_vs_mild,MMP2,up_in_severe,1.0255995703196629e-11,1.219225933073667,0.29,0.135,1.8846417704194125e-7
Fibro-NPCs,severe_vs_mild,HSPA1A,down_in_severe,2.4183021915959494e-11,-0.5905122852579119,0.668,0.773,4.4438721072767167e-7
Fibro-NPCs,severe_vs_mild,MT-ND4,up_in_severe,2.7463255451551146e-11,0.4097709137731691,0.888,0.73,5.046647821777039e-7
Fibro-NPCs,severe_vs_mild,FN1,down_in_severe,4.6543010940312393e-11,-0.2577747650276647,0.915,0.973,8.552743690391805e-7
Fibro-NPCs,severe_vs_mild,SERPINE2,down_in_severe,5.051678272300473e-11,-1.174898107269839,0.26,0.415,9.282963993179349e-7
Fibro-NPCs,severe_vs_mild,MT-ND6,up_in_severe,9.51083568427019e-11,0.6695266113952285,0.511,0.328,1.74771116534149e-6
Fibro-NPCs,severe_vs_mild,ANXA1,down_in_severe,1.4538051769027625e-10,-0.7576526722890193,0.445,0.566,2.6715123930765164e-6
Fibro-NPCs,severe_vs_mild,RPL27A,up_in_severe,1.928054892768313e-10,0.5912203014547535,0.472,0.286,3.542993670951052e-6
Fibro-NPCs,severe_vs_mild,MT-ATP8,up_in_severe,3.382906875759813e-10,0.9243097080182197,0.368,0.213,6.216429674896232e-6
Fibro-NPCs,severe_vs_mild,LTBP2,down_in_severe,1.1773872444212654e-9,-1.4551809410152312,0.146,0.27,2.1635668003485174e-5
Fibro-NPCs,severe_vs_mild,MT-CO3,up_in_severe,4.741238198934773e-9,0.3974097177028213,0.824,0.669,8.712499314362539e-5
Fibro-NPCs,severe_vs_mild,MT-CO1,up_in_severe,6.173793540398571e-9,0.4110027653622499,0.861,0.758,1.1344963009836414e-4
Fibro-NPCs,severe_vs_mild,TIMP1,up_in_severe,1.3717833216155963e-8,1.995875912838685,0.138,0.048,2.52078903180082e-4
Fibro-NPCs,severe_vs_mild,C1R,up_in_severe,1.8009559238535985e-8,1.3913160203309427,0.18,0.076,3.3094366056733726e-4
Fibro-NPCs,severe_vs_mild,H3F3B,down_in_severe,2.231599589208078e-8,-0.6270926340908831,0.523,0.603,4.100787405128764e-4
Fibro-NPCs,severe_vs_mild,GFPT2,down_in_severe,2.263904708151202e-8,-1.2853774740240511,0.116,0.226,4.1601512916986485e-4
Fibro-NPCs,severe_vs_mild,CD55,down_in_severe,2.315445716977814e-8,-1.6637275138765657,0.118,0.229,4.254863049518431e-4
Fibro-NPCs,severe_vs_mild,LMNA,up_in_severe,3.037792757905521e-8,1.223017752675216,0.159,0.06,5.582247971927186e-4
Fibro-NPCs,severe_vs_mild,MT-ATP6,up_in_severe,3.143418002052343e-8,0.3955546636928684,0.828,0.714,5.776344920571386e-4
Fibro-NPCs,severe_vs_mild,MT-ND2,up_in_severe,6.980299610387928e-8,0.3430596759928024,0.865,0.727,0.0012826998564048856
Fibro-NPCs,severe_vs_mild,ASPN,up_in_severe,7.308134098359907e-8,0.4284920531892471,0.45,0.291,0.0013429427219146166
Fibro-NPCs,severe_vs_mild,JUNB,up_in_severe,8.969723471539769e-8,1.1250113395566481,0.161,0.065,0.001648276385130148
Fibro-NPCs,severe_vs_mild,HSPH1,down_in_severe,9.320347229437498e-8,-0.5862944058371244,0.516,0.609,0.0017127070068814346
Fibro-NPCs,severe_vs_mild,GADD45B,up_in_severe,1.142515898614513e-7,1.2175053218215632,0.152,0.06,0.0020994872152940293
Fibro-NPCs,severe_vs_mild,DNAJB1,down_in_severe,2.2802743882265596e-7,-0.6397246088582982,0.378,0.48,0.004190232215805126
Fibro-NPCs,severe_vs_mild,CD81,up_in_severe,2.4984447699421525e-7,1.7151869651107468,0.112,0.037,0.0045911421092457
Fibro-NPCs,severe_vs_mild,ID3,up_in_severe,3.9247468651550613e-7,1.5043175894464638,0.111,0.037,0.00721211483940894
Fibro-NPCs,severe_vs_mild,TAGLN2,up_in_severe,4.028489853446117e-7,0.7968572575739374,0.267,0.149,0.007402752954692585
Fibro-NPCs,severe_vs_mild,TMBIM1,down_in_severe,4.398879705459267e-7,-1.2617287652120237,0.072,0.159,0.008083381346751949
Fibro-NPCs,severe_vs_mild,C11orf96,up_in_severe,6.041058923846417e-7,1.4797701336161506,0.116,0.041,0.011101049878460176
Fibro-NPCs,severe_vs_mild,CYR61,down_in_severe,6.980060518435354e-7,-0.7910896003607033,0.304,0.412,0.012826559208676806
Fibro-NPCs,severe_vs_mild,RPL19,up_in_severe,7.391256082595795e-7,1.1676787241930817,0.205,0.11,0.013582172177378032
Fibro-NPCs,severe_vs_mild,COL5A1,up_in_severe,7.968733646793778e-7,0.5582594459947297,0.459,0.321,0.014643344949348247
Fibro-NPCs,severe_vs_mild,CTGF,down_in_severe,9.618583777312913e-7,-0.6963041315315852,0.395,0.504,0.01767510954919021
Fibro-NPCs,severe_vs_mild,RBP4,up_in_severe,9.78138314065301e-7,1.3303474796322174,0.122,0.046,0.01797426965926397
Fibro-NPCs,severe_vs_mild,BASP1,up_in_severe,1.217173335017084e-6,1.2284477439174322,0.143,0.062,0.022366777204273935
Fibro-NPCs,severe_vs_mild,PXDC1,up_in_severe,1.3063663598687864e-6,1.565591304651685,0.104,0.035,0.02400578822894882
Fibro-NPCs,severe_vs_mild,ZFP36L1,up_in_severe,1.3293553092555154e-6,0.7151359106197117,0.266,0.154,0.024428233162879353
Fibro-NPCs,severe_vs_mild,MXRA8,up_in_severe,1.6060328584284277e-6,1.2413786906844402,0.126,0.051,0.029512459806480786
Fibro-NPCs,severe_vs_mild,PRELP,down_in_severe,2.1829411169181646e-6,-0.9146098691861484,0.433,0.536,0.040113725964488194
Fibro-NPCs,severe_vs_mild,RPL37,up_in_severe,2.56838193982566e-6,0.5492393661776669,0.513,0.377,0.047196586526236324
Fibro-reg NPCs,severe_vs_mild,COL1A1,up_in_severe,5.077368344110758e-34,2.2040501454676225,0.853,0.508,9.33017206913793e-30
Fibro-reg NPCs,severe_vs_mild,COL6A2,up_in_severe,1.1385294388879696e-25,2.167571643281187,0.564,0.227,2.092161696900533e-21
Fibro-reg NPCs,severe_vs_mild,COL1A2,up_in_severe,1.8388830359354616e-24,1.4669809470743278,0.949,0.848,3.379131466835004e-20
Fibro-reg NPCs,severe_vs_mild,MT-ND1,up_in_severe,1.0455921349493711e-23,0.9889151315899163,0.906,0.712,1.9213801071829644e-19
Fibro-reg NPCs,severe_vs_mild,GAPDH,down_in_severe,2.019918668010887e-23,-1.330037419558317,0.441,0.74,3.711802544336806e-19
Fibro-reg NPCs,severe_vs_mild,COL3A1,up_in_severe,1.7845647550984363e-22,1.5240162881887507,0.917,0.78,3.2793161939688867e-18
Fibro-reg NPCs,severe_vs_mild,PCOLCE2,down_in_severe,4.594075530461519e-21,-1.3009039062521301,0.543,0.793,8.442073194776087e-17
Fibro-reg NPCs,severe_vs_mild,H3F3B,down_in_severe,1.856755798441297e-20,-0.6685569112747185,0.896,0.977,3.411974455215727e-16
Fibro-reg NPCs,severe_vs_mild,NBL1,up_in_severe,2.192553523573129e-19,3.821300099939184,0.267,0.038,4.029036354917982e-15
Fibro-reg NPCs,severe_vs_mild,DDX3Y,down_in_severe,7.662532377498487e-17,-2.1051286017366255,0.043,0.263,1.408066949689122e-12
Fibro-reg NPCs,severe_vs_mild,MT-ND2,up_in_severe,1.2096029757040257e-16,0.7204450987725073,0.936,0.758,2.2227664281537176e-12
Fibro-reg NPCs,severe_vs_mild,RPS28,down_in_severe,3.887142065997265e-16,-1.4907976224139703,0.11,0.354,7.143012260476574e-12
Fibro-reg NPCs,severe_vs_mild,MRFAP1,down_in_severe,7.208073500011547e-16,-1.1904688369894938,0.318,0.583,1.3245555863621218e-11
Fibro-reg NPCs,severe_vs_mild,MT-ND3,up_in_severe,1.3627034914768283e-15,0.9081330582186959,0.893,0.735,2.5041039359378198e-11
Fibro-reg NPCs,severe_vs_mild,MT-ATP8,up_in_severe,1.8881431096353437e-15,1.0882443649274038,0.751,0.609,3.4696517782659076e-11
Fibro-reg NPCs,severe_vs_mild,FKBP5,up_in_severe,1.0007682504412096e-14,1.557469881379503,0.455,0.205,1.8390117370107667e-10
Fibro-reg NPCs,severe_vs_mild,RPS14,up_in_severe,1.2342584948757752e-14,2.4701419191796927,0.409,0.184,2.2680734101837246e-10
Fibro-reg NPCs,severe_vs_mild,MT-ND6,up_in_severe,1.7749502892709207e-14,0.770869047354716,0.816,0.614,3.261648651564244e-10
Fibro-reg NPCs,severe_vs_mild,CST3,up_in_severe,3.77495284168127e-14,1.4157196714456466,0.596,0.356,6.936853341873502e-10
Fibro-reg NPCs,severe_vs_mild,LRP1,up_in_severe,6.008437704102426e-14,1.5960550281583423,0.42,0.179,1.1041105125058618e-9
Fibro-reg NPCs,severe_vs_mild,SERPING1,up_in_severe,6.218617805460078e-14,1.3943552147963845,0.57,0.331,1.142733207931344e-9
Fibro-reg NPCs,severe_vs_mild,SLC39A14,down_in_severe,8.116508743744771e-14,-0.8572826072513742,0.583,0.793,1.4914896467505391e-9
Fibro-reg NPCs,severe_vs_mild,LITAF,down_in_severe,1.1862023671240931e-13,-1.0954721333254491,0.278,0.523,2.1797654698272335e-9
Fibro-reg NPCs,severe_vs_mild,JUNB,up_in_severe,1.7630139064385348e-13,1.4225760010965596,0.655,0.495,3.2397143544714517e-9
Fibro-reg NPCs,severe_vs_mild,TPI1,down_in_severe,4.451439793618604e-13,-0.7506538337083191,0.463,0.722,8.179965764753546e-9
Fibro-reg NPCs,severe_vs_mild,ACTG1,down_in_severe,5.269846350279197e-13,-0.6341209228680604,0.963,0.985,9.683869653273053e-9
Fibro-reg NPCs,severe_vs_mild,RPS9,up_in_severe,6.827014969833941e-13,1.7605925098304285,0.326,0.111,1.2545322708566851e-8
Fibro-reg NPCs,severe_vs_mild,CNMD,down_in_severe,8.14801596669699e-13,-2.3668843970208284,0.048,0.227,1.497279414040239e-8
Fibro-reg NPCs,severe_vs_mild,RPS23,down_in_severe,2.758357724155702e-12,-0.8008348733890087,0.61,0.783,5.0687581539085185e-8
Fibro-reg NPCs,severe_vs_mild,PRDX1,down_in_severe,3.584095607158346e-12,-1.40943823195397,0.126,0.333,6.586134087714176e-8
Fibro-reg NPCs,severe_vs_mild,GADD45B,up_in_severe,6.5566345571921e-12,1.4343256800078195,0.57,0.391,1.2048471662296204e-7
Fibro-reg NPCs,severe_vs_mild,RPL10,down_in_severe,7.751998243586596e-12,-0.840099644887915,0.294,0.538,1.4245071972414728e-7
Fibro-reg NPCs,severe_vs_mild,ANXA1,down_in_severe,1.0555160768599924e-11,-0.804600770850425,0.749,0.894,1.939616342837922e-7
Fibro-reg NPCs,severe_vs_mild,MT-ATP6,up_in_severe,1.0797501807063444e-11,0.5881155221545544,0.925,0.76,1.9841489320659785e-7
Fibro-reg NPCs,severe_vs_mild,LUM,down_in_severe,1.4490082701219023e-11,-0.5861916174558335,0.976,0.987,2.6626975971760074e-7
Fibro-reg NPCs,severe_vs_mild,MT-ND4,up_in_severe,2.4403440231418672e-11,0.5608632666865097,0.93,0.768,4.484376176925495e-7
Fibro-reg NPCs,severe_vs_mild,SOD2,down_in_severe,2.522409297524854e-11,-1.1863250234214764,0.505,0.712,4.635179325131672e-7
Fibro-reg NPCs,severe_vs_mild,TM4SF1,down_in_severe,2.578131429006423e-11,-1.684097458461683,0.171,0.371,4.737574313942203e-7
Fibro-reg NPCs,severe_vs_mild,BGN,up_in_severe,3.4944685380815124e-11,1.261746762967928,0.62,0.452,6.421435385578587e-7
Fibro-reg NPCs,severe_vs_mild,SPARC,up_in_severe,3.787535664712621e-11,0.7328757034224838,0.96,0.891,6.959975537475912e-7
Fibro-reg NPCs,severe_vs_mild,FGF2,down_in_severe,4.676426430755905e-11,-2.0551495397727413,0.067,0.237,8.593401209157051e-7
Fibro-reg NPCs,severe_vs_mild,MT-CYB,up_in_severe,4.708141700049739e-11,0.6324751873424423,0.901,0.725,8.6516811880114e-7
Fibro-reg NPCs,severe_vs_mild,INSIG1,down_in_severe,6.463461845164094e-11,-1.381475538023344,0.176,0.376,1.1877257486673538e-6
Fibro-reg NPCs,severe_vs_mild,SERPINF1,up_in_severe,8.477420010027987e-11,2.727414393217607,0.219,0.061,1.5578107010427429e-6
Fibro-reg NPCs,severe_vs_mild,CD109,down_in_severe,9.843083645853646e-11,-0.8502925203925185,0.398,0.606,1.808765050762066e-6
Fibro-reg NPCs,severe_vs_mild,LRRFIP1,down_in_severe,1.9317164365322878e-10,-1.1959105628711781,0.273,0.472,3.549722123771732e-6
Fibro-reg NPCs,severe_vs_mild,SERPINA1,down_in_severe,1.9446691120754572e-10,-1.2808655667612296,0.193,0.386,3.57352396034986e-6
Fibro-reg NPCs,severe_vs_mild,RPS4Y1,down_in_severe,2.0227213656155486e-10,-1.0271596916998589,0.053,0.215,3.7169527814551323e-6
Fibro-reg NPCs,severe_vs_mild,ANXA5,down_in_severe,2.7914542777014743e-10,-0.44502587231350654,0.751,0.881,5.129576380704229e-6
Fibro-reg NPCs,severe_vs_mild,SLPI,down_in_severe,3.4138920990700923e-10,-3.4919408700002306,0.035,0.172,6.273368121251202e-6
Fibro-reg NPCs,severe_vs_mild,MMP2,up_in_severe,3.4961514981938515e-10,1.60751870044856,0.444,0.24,6.4245279930810215e-6
Fibro-reg NPCs,severe_vs_mild,NDN,down_in_severe,3.678787902425761e-10,-1.062049519943713,0.112,0.298,6.760140649497579e-6
Fibro-reg NPCs,severe_vs_mild,HTRA1,down_in_severe,3.904957570245337e-10,-0.8907259448335498,0.775,0.879,7.175750031082831e-6
Fibro-reg NPCs,severe_vs_mild,ODC1,down_in_severe,4.014077695401061e-10,-1.0212968768594968,0.209,0.407,7.37626917306899e-6
Fibro-reg NPCs,severe_vs_mild,CYR61,down_in_severe,4.971936563953714e-10,-0.7268526546912746,0.786,0.889,9.136430629921343e-6
Fibro-reg NPCs,severe_vs_mild,CD59,down_in_severe,5.049446462224968e-10,-0.79610294072197485,0.476,0.672,9.278862818984601e-6
Fibro-reg NPCs,severe_vs_mild,HLA-B,down_in_severe,8.470216741400853e-10,-0.6910976432516591,0.545,0.74,1.556487028399821e-5
Fibro-reg NPCs,severe_vs_mild,RPN2,down_in_severe,8.526558958803585e-10,-0.723095400454671,0.281,0.505,1.566840474269747e-5
Fibro-reg NPCs,severe_vs_mild,ASPN,up_in_severe,1.0745146665008374e-9,0.5911661515286744,0.671,0.457,1.9745281511619386e-5
Fibro-reg NPCs,severe_vs_mild,SERPINE2,down_in_severe,1.4554700965648099e-9,-1.1265944347280814,0.481,0.644,2.6745718494474947e-5
Fibro-reg NPCs,severe_vs_mild,CNBP,down_in_severe,1.5452759155206893e-9,-0.8635775846629601,0.342,0.54,2.8395990223608187e-5
Fibro-reg NPCs,severe_vs_mild,CD55,down_in_severe,1.5976727119675376e-9,-1.1938552182541449,0.337,0.533,2.935883375511547e-5
Fibro-reg NPCs,severe_vs_mild,COMP,up_in_severe,1.9274876392202464e-9,1.6967486953522906,0.358,0.177,3.541951285831125e-5
Fibro-reg NPCs,severe_vs_mild,CERS2,down_in_severe,2.0406136447157915e-9,-1.0620939831250107,0.31,0.497,3.7498316335297386e-5
Fibro-reg NPCs,severe_vs_mild,CALM2,down_in_severe,2.065149489103835e-9,-0.46971719877165885,0.642,0.793,3.7949187011772074e-5
Fibro-reg NPCs,severe_vs_mild,SUN2,up_in_severe,2.2102612350951212e-9,2.491371575356906,0.184,0.048,4.0615760456107946e-5
Fibro-reg NPCs,severe_vs_mild,HBB,up_in_severe,2.8851395931769297e-9,1.6063089512341142,0.139,0.023,5.301732516421926e-5
Fibro-reg NPCs,severe_vs_mild,DCN,down_in_severe,4.056259753041351e-9,-0.4605342200536864,0.96,0.99,7.453782922188787e-5
Fibro-reg NPCs,severe_vs_mild,FN1,down_in_severe,4.1089828104267134e-9,-0.45005228785267626,0.976,0.99,7.550666812440128e-5
Fibro-reg NPCs,severe_vs_mild,RPS18,up_in_severe,5.3216851167431995e-9,2.487661313884168,0.409,0.255,9.779128570527304e-5
Fibro-reg NPCs,severe_vs_mild,PCOLCE,up_in_severe,5.9977840213627996e-9,2.8126530620121883,0.158,0.035,1.1021527917656281e-4
Fibro-reg NPCs,severe_vs_mild,TNFRSF11B,down_in_severe,6.144566408470142e-9,-1.3938755424124851,0.195,0.376,1.1291255232204733e-4
Fibro-reg NPCs,severe_vs_mild,PSAT1,down_in_severe,6.293103361114009e-9,-1.556962316610801,0.024,0.141,1.1564206736383103e-4
Fibro-reg NPCs,severe_vs_mild,MMP3,down_in_severe,6.972371142504003e-9,-2.694131630845635,0.166,0.333,1.2812429211465356e-4
Fibro-reg NPCs,severe_vs_mild,CP,down_in_severe,7.306416606440111e-9,-1.7787265594724433,0.11,0.27,1.342627115599435e-4
Fibro-reg NPCs,severe_vs_mild,TSPO,up_in_severe,7.719568727574493e-9,1.2704269078991224,0.179,0.045,1.418547949379089e-4
Fibro-reg NPCs,severe_vs_mild,METAP2,down_in_severe,8.615813371220358e-9,-0.7011479927371731,0.254,0.457,1.583241865095453e-4
Fibro-reg NPCs,severe_vs_mild,DDIT4,up_in_severe,9.02990100158535e-9,1.2174552168549333,0.302,0.129,1.6593346080513239e-4
Fibro-reg NPCs,severe_vs_mild,ELN,up_in_severe,1.1488227578426041e-8,2.7179342807536035,0.171,0.045,2.1110766998115693e-4
Fibro-reg NPCs,severe_vs_mild,C1orf43,down_in_severe,1.5908102640949132e-8,-0.8198120364147756,0.257,0.442,2.9232729413008123e-4
Fibro-reg NPCs,severe_vs_mild,KLF4,down_in_severe,1.692459762679751e-8,-0.7493360464598124,0.797,0.902,3.1100640599003105e-4
Fibro-reg NPCs,severe_vs_mild,COL14A1,up_in_severe,1.715965425950766e-8,2.0852643760113994,0.259,0.111,3.1532580667271277e-4
Fibro-reg NPCs,severe_vs_mild,MFGE8,up_in_severe,1.749601617370694e-8,1.4069457713202267,0.377,0.194,3.2150679320803874e-4
Fibro-reg NPCs,severe_vs_mild,PPP1R14C,down_in_severe,2.034605359189092e-8,-1.4859332543925612,0.083,0.23,3.7387908080458755e-4
Fibro-reg NPCs,severe_vs_mild,INHBA,down_in_severe,2.065072767912733e-8,-1.5951484502471103,0.35,0.515,3.794777718316438e-4
Fibro-reg NPCs,severe_vs_mild,ZNF90,down_in_severe,2.2689532034823202e-8,-0.700654433308159,0.254,0.442,4.1694284067191116e-4
Fibro-reg NPCs,severe_vs_mild,TNFRSF10B,down_in_severe,2.397617848128228e-8,-1.560317669495858,0.088,0.237,4.4058625577204317e-4
Fibro-reg NPCs,severe_vs_mild,GPRC5A,down_in_severe,2.5956919943780074e-8,-0.7495542534808748,0.246,0.432,4.769843608869026e-4
Fibro-reg NPCs,severe_vs_mild,SERTAD2,down_in_severe,2.7139960355492717e-8,-0.7361607782725264,0.305,0.503,4.987239114925342e-4
Fibro-reg NPCs,severe_vs_mild,MT-CO1,up_in_severe,2.7259831796568706e-8,0.526786407480528,0.909,0.732,5.009266690937465e-4
Fibro-reg NPCs,severe_vs_mild,CAVIN1,down_in_severe,3.014990886241843e-8,-0.6959618456215271,0.449,0.649,5.540347252558012e-4
Fibro-reg NPCs,severe_vs_mild,SLC38A1,down_in_severe,3.1898888450399345e-8,-1.7538513480140487,0.075,0.215,5.861739741645384e-4
Fibro-reg NPCs,severe_vs_mild,TMSB4X,up_in_severe,3.2084242113325506e-8,0.6328356381234244,0.778,0.649,5.895800330744695e-4
Fibro-reg NPCs,severe_vs_mild,LMNA,up_in_severe,3.386838874578763e-8,1.548297675000104,0.259,0.109,6.223655115925934e-4
Fibro-reg NPCs,severe_vs_mild,SOX9,down_in_severe,3.8127242325723984e-8,-0.7246000156031354,0.519,0.702,7.006262049775039e-4
Fibro-reg NPCs,severe_vs_mild,PGAM1,down_in_severe,4.411648322317689e-8,-1.0614634294540088,0.126,0.283,8.106844957090985e-4
Fibro-reg NPCs,severe_vs_mild,HSP90B1,down_in_severe,4.857234128723435e-8,-0.6021566868381734,0.722,0.833,8.925653434942184e-4
Fibro-reg NPCs,severe_vs_mild,THY1,up_in_severe,4.994893118675835e-8,2.52835852472912,0.275,0.129,9.178615594878715e-4
Fibro-reg NPCs,severe_vs_mild,COL11A2,down_in_severe,5.263635165122782e-8,-1.8033976705381911,0.078,0.215,9.672455979429624e-4
Fibro-reg NPCs,severe_vs_mild,SRPRA,down_in_severe,6.135850913802064e-8,-1.3456246358185484,0.152,0.311,0.0011275239639202672
Fibro-reg NPCs,severe_vs_mild,RPL14,down_in_severe,6.348999502485865e-8,-0.491363194905468,0.46,0.644,0.0011666921485768025
Fibro-reg NPCs,severe_vs_mild,CEBPD,up_in_severe,6.395482650579881e-8,0.8027565251824115,0.318,0.144,0.0011752338918705589
Fibro-reg NPCs,severe_vs_mild,KLHL21,down_in_severe,6.610397385360348e-8,-0.6135234933786331,0.345,0.535,0.0012147266235338174
Fibro-reg NPCs,severe_vs_mild,CDV3,down_in_severe,7.19071619661323e-8,-0.8839620765256078,0.171,0.336,0.0013213660082896472
Fibro-reg NPCs,severe_vs_mild,MT-ND5,up_in_severe,7.342845514221708e-8,0.4689525290632828,0.842,0.694,0.0013493212916933812
Fibro-reg NPCs,severe_vs_mild,NOVA1,down_in_severe,7.442509804441058e-8,-1.5755537387165366,0.107,0.258,0.0013676356016640889
Fibro-reg NPCs,severe_vs_mild,RPL4,down_in_severe,8.08019805697033e-8,-0.5444146675796118,0.62,0.758,0.0014848171949488679
Fibro-reg NPCs,severe_vs_mild,STK38L,down_in_severe,8.526008693044195e-8,-0.961153874424568,0.187,0.356,0.0015667393574338012
Fibro-reg NPCs,severe_vs_mild,AEBP1,down_in_severe,9.16348741001559e-8,-0.9468450972304923,0.388,0.545,0.0016838824464644646
Fibro-reg NPCs,severe_vs_mild,MMP14,up_in_severe,1.0315640887902309e-7,3.370371624066556,0.12,0.023,0.0018956021695609284
Fibro-reg NPCs,severe_vs_mild,ULBP2,down_in_severe,1.0725654784679842e-7,-2.1892181931216745,0.027,0.131,0.0019709463232327677
Fibro-reg NPCs,severe_vs_mild,TSC22D3,up_in_severe,1.125906729199084e-7,0.9413486200596242,0.684,0.629,0.002068966205576237
Fibro-reg NPCs,severe_vs_mild,RPS6,down_in_severe,1.1851173569227148e-7,-0.3650056625370004,0.917,0.977,0.0021777716550811805
Fibro-reg NPCs,severe_vs_mild,HNRNPK,down_in_severe,1.2692281932804838e-7,-0.5163952383451254,0.476,0.641,0.002332333727972217
Fibro-reg NPCs,severe_vs_mild,MTHFD2,down_in_severe,1.4262540997474873e-7,-1.1560407151929428,0.158,0.313,0.0026208845336959828
Fibro-reg NPCs,severe_vs_mild,LGALS1,up_in_severe,1.741003863711736e-7,1.5449182874887388,0.372,0.212,0.003199268699956686
Fibro-reg NPCs,severe_vs_mild,PLOD2,down_in_severe,1.8196014972461674e-7,-0.5669068731646054,0.639,0.785,0.003343699711339557
Fibro-reg NPCs,severe_vs_mild,XIST,up_in_severe,2.0677241943139073e-7,1.528088642913706,0.176,0.056,0.0037996499794712363
Fibro-reg NPCs,severe_vs_mild,RTN4,down_in_severe,2.1136676931957203e-7,-0.4291135390134464,0.623,0.778,0.0038840757530164555
Fibro-reg NPCs,severe_vs_mild,ID3,up_in_severe,2.154516304094792e-7,1.1559506547996992,0.465,0.306,0.00395913916040459
Fibro-reg NPCs,severe_vs_mild,SBDS,down_in_severe,2.1553341371702249e-7,-0.5884627530889524,0.372,0.561,0.003960642010464005
Fibro-reg NPCs,severe_vs_mild,MMADHC,down_in_severe,2.253577751856647e-7,-1.0871263128863184,0.187,0.338,0.004141174476811774
Fibro-reg NPCs,severe_vs_mild,RPS8,down_in_severe,2.579831805618438e-7,-0.45083098023476964,0.914,0.957,0.004740698926004442
Fibro-reg NPCs,severe_vs_mild,RPL39,up_in_severe,2.637580130186907e-7,0.9596587160788586,0.588,0.46,0.00484681724723146
Fibro-reg NPCs,severe_vs_mild,COL2A1,down_in_severe,2.8845532154574904e-7,-0.6906323076557137,0.366,0.503,0.005300654988724685
Fibro-reg NPCs,severe_vs_mild,CD276,up_in_severe,3.006678439207318e-7,1.7746434170313494,0.198,0.073,0.005525072299887368
Fibro-reg NPCs,severe_vs_mild,BASP1,up_in_severe,3.4775973615855613e-7,1.7723930324876689,0.265,0.121,0.006390432911649628
Fibro-reg NPCs,severe_vs_mild,MXRA5,up_in_severe,3.8376656496358916e-7,0.6627118839523511,0.634,0.439,0.007052094397770914
Fibro-reg NPCs,severe_vs_mild,FGFBP2,down_in_severe,4.297294194740505e-7,-0.7757859614280771,0.503,0.679,0.007896707812255151
Fibro-reg NPCs,severe_vs_mild,MELTF,down_in_severe,4.6157599827528647e-7,-1.482155302475793,0.102,0.237,0.008481920544306664
Fibro-reg NPCs,severe_vs_mild,CTSL,down_in_severe,4.6930160016372616e-7,-0.7506716326149878,0.35,0.505,0.008623886204608631
Fibro-reg NPCs,severe_vs_mild,SFRP4,up_in_severe,4.802195160549574e-7,2.0397971039773255,0.201,0.078,0.008824513827025898
Fibro-reg NPCs,severe_vs_mild,GTPBP4,down_in_severe,5.369610276848711e-7,-2.4035951991861686,0.045,0.152,0.009867195844737192
Fibro-reg NPCs,severe_vs_mild,CD81,up_in_severe,5.452426971659803e-7,1.1676965245679627,0.388,0.232,0.010019379803122053
Fibro-reg NPCs,severe_vs_mild,HNRNPA2B1,down_in_severe,5.727530479818551e-7,-0.4274179003617937,0.746,0.851,0.010524910009714568
Fibro-reg NPCs,severe_vs_mild,SERPINA5,down_in_severe,6.399286554326312e-7,-1.7637467532723425,0.12,0.253,0.01175932897223003
Fibro-reg NPCs,severe_vs_mild,HSPA8,down_in_severe,7.093931689089418e-7,-0.5980766470601981,0.767,0.886,0.013035808871870714
Fibro-reg NPCs,severe_vs_mild,MBP,down_in_severe,7.233293247810149e-7,-2.394969943340648,0.016,0.101,0.013291899672175929
Fibro-reg NPCs,severe_vs_mild,TPM1,down_in_severe,7.468220659519036e-7,-0.8825859946934392,0.259,0.414,0.01372360228393218
Fibro-reg NPCs,severe_vs_mild,CYCS,down_in_severe,7.593397579930088e-7,-0.5352767725133036,0.35,0.53,0.013953627392879529
Fibro-reg NPCs,severe_vs_mild,ACKR3,down_in_severe,8.365318634372106e-7,-0.6507637458184274,0.377,0.556,0.015372109522522182
Fibro-reg NPCs,severe_vs_mild,NDRG1,down_in_severe,8.61486705646766e-7,-0.6620334547798239,0.31,0.467,0.01583067970296497
Fibro-reg NPCs,severe_vs_mild,FNDC3B,down_in_severe,8.971209450677589e-7,-0.7373102358123196,0.318,0.475,0.01648549448656514
Fibro-reg NPCs,severe_vs_mild,MT-ND4L,up_in_severe,9.94643925307399e-7,0.48406768854129423,0.738,0.598,0.018277576771448763
Fibro-reg NPCs,severe_vs_mild,HLA-C,down_in_severe,1.016412984825989e-6,-0.6155495528805286,0.532,0.672,0.018677605009162376
Fibro-reg NPCs,severe_vs_mild,CLCF1,down_in_severe,1.0542567090737435e-6,-1.3276076656571991,0.053,0.164,0.01937302128593911
Fibro-reg NPCs,severe_vs_mild,RPSA,down_in_severe,1.0708630869898786e-6,-0.7630112361123492,0.171,0.318,0.01967818008652601
Fibro-reg NPCs,severe_vs_mild,TCF25,up_in_severe,1.1283304420583148e-6,1.9061310051957043,0.144,0.043,0.02073420020326359
Fibro-reg NPCs,severe_vs_mild,ANK3,down_in_severe,1.1816107475012872e-6,-0.6716814952007132,0.195,0.354,0.021713279096083653
Fibro-reg NPCs,severe_vs_mild,MT-CO3,up_in_severe,1.3063045559552063e-6,0.4448153596750535,0.885,0.697,0.02400465252023287
Fibro-reg NPCs,severe_vs_mild,ACAN,down_in_severe,1.3573829228287055e-6,-0.7650634916346566,0.409,0.568,0.024943268589900293
Fibro-reg NPCs,severe_vs_mild,GFPT2,down_in_severe,1.4445400050009394e-6,-0.6892140290682365,0.281,0.46,0.026544867131897264
Fibro-reg NPCs,severe_vs_mild,GLTP,down_in_severe,1.5828055639462176e-6,-1.2108629080013398,0.064,0.177,0.029085635043075694
Fibro-reg NPCs,severe_vs_mild,HSPB1,up_in_severe,1.629007927034895e-6,1.3750662826725455,0.35,0.21,0.029934649667193232
Fibro-reg NPCs,severe_vs_mild,LGALS3,down_in_severe,1.639748746756413e-6,-0.4925819179352122,0.62,0.758,0.03013202297039585
Fibro-reg NPCs,severe_vs_mild,SRGN,up_in_severe,1.6432146928121167e-6,1.1808943339315139,0.31,0.172,0.030195713195115458
Fibro-reg NPCs,severe_vs_mild,PAX1,down_in_severe,1.748207886506788e-6,-1.3673445440843772,0.134,0.268,0.03212506812244874
Fibro-reg NPCs,severe_vs_mild,OAZ1,up_in_severe,1.7919294334900195e-6,0.7264290186922449,0.66,0.54,0.0329284952698126
Fibro-reg NPCs,severe_vs_mild,TMEM47,down_in_severe,1.8013510251238266e-6,-0.7627585268245352,0.302,0.457,0.03310162643767544
Fibro-reg NPCs,severe_vs_mild,F13A1,down_in_severe,1.822413129724765e-6,-0.8910028913326762,0.115,0.25,0.03348866367182228
Fibro-reg NPCs,severe_vs_mild,YWHAZ,down_in_severe,1.8365848075936472e-6,-0.48287112323815107,0.631,0.755,0.03374908242434086
Fibro-reg NPCs,severe_vs_mild,MAPRE1,down_in_severe,2.1550749237062553e-6,-0.6726806192745467,0.201,0.356,0.03960165679802615
Fibro-reg NPCs,severe_vs_mild,CDO1,down_in_severe,2.2610835635467373e-6,-0.8095872959071948,0.401,0.545,0.04154967156373485
Fibro-reg NPCs,severe_vs_mild,ICAM1,down_in_severe,2.4333048335161693e-6,-1.4861252169557955,0.152,0.283,0.044714409620693125
Fibro-reg NPCs,severe_vs_mild,CYP1B1,up_in_severe,2.4754077826639634e-6,1.1991045151067088,0.337,0.192,0.04548809341423299
Fibro-reg NPCs,severe_vs_mild,TRIR,up_in_severe,2.535038125682349e-6,0.9870447046227243,0.364,0.215,0.04658386059753884
Fibro-reg NPCs,severe_vs_mild,SOD3,up_in_severe,2.553946508108891e-6,1.0243798895692648,0.39,0.247,0.04693132103300898
Fibro-reg NPCs,severe_vs_mild,HSPA9,down_in_severe,2.6466242511505853e-6,-0.7804956234516907,0.294,0.439,0.048634367239143154
Fibro-reg NPCs,severe_vs_mild,ETS1,down_in_severe,2.67553310948451e-6,-0.8152189400415121,0.31,0.46,0.04916559641988735
Fibro-reg NPCs,severe_vs_mild,CTGF,down_in_severe,2.7107198786789118e-6,-0.5039315125854715,0.858,0.947,0.04981218849060368
Hom/Reg-like NPCs,severe_vs_mild,COMP,up_in_severe,1.9926788214711824e-58,2.467154436812873,0.59,0.216,3.661746602335445e-54
Hom/Reg-like NPCs,severe_vs_mild,COL1A1,up_in_severe,1.005531054403001e-48,2.964098218031348,0.33,0.066,1.8477638655709546e-44
Hom/Reg-like NPCs,severe_vs_mild,RPS9,up_in_severe,1.0228411225615235e-45,2.340506796729147,0.419,0.114,1.8795728468190556e-41
Hom/Reg-like NPCs,severe_vs_mild,MFGE8,up_in_severe,1.3739266191105204e-43,3.4094985890411627,0.269,0.047,2.524727555277492e-39
Hom/Reg-like NPCs,severe_vs_mild,EEF1A1,down_in_severe,6.107388477628496e-42,-0.7775867658228757,0.89,0.959,1.1222937066490124e-37
Hom/Reg-like NPCs,severe_vs_mild,HSP90AA1,down_in_severe,1.051091102032076e-40,-0.9402378608810782,0.93,0.988,1.9314850090941428e-36
Hom/Reg-like NPCs,severe_vs_mild,GPX3,up_in_severe,3.0721395844392316e-38,3.851242692090976,0.56,0.268,5.645363700365532e-34
Hom/Reg-like NPCs,severe_vs_mild,RPS14,up_in_severe,3.251960230847266e-35,2.744487159449459,0.532,0.243,5.975802120204936e-31
Hom/Reg-like NPCs,severe_vs_mild,COL9A3,up_in_severe,2.3889201671781355e-34,2.837490729736352,0.297,0.076,4.389879699206542e-30
Hom/Reg-like NPCs,severe_vs_mild,MT1X,up_in_severe,1.816336741190934e-33,1.5351605265195136,0.82,0.655,3.3377003956124604e-29
Hom/Reg-like NPCs,severe_vs_mild,CST3,up_in_severe,2.8291400464746132e-33,1.7732815036583278,0.547,0.262,5.198827749401749e-29
Hom/Reg-like NPCs,severe_vs_mild,CILP2,up_in_severe,2.3102713124208868e-32,2.4540558254183367,0.257,0.059,4.245354563704621e-28
Hom/Reg-like NPCs,severe_vs_mild,BGN,up_in_severe,6.647242713225521e-31,1.978072674665531,0.648,0.393,1.2214973209823218e-26
Hom/Reg-like NPCs,severe_vs_mild,CLU,up_in_severe,3.805409265749744e-29,1.1117332270124356,0.976,0.969,6.99282006674173e-25
Hom/Reg-like NPCs,severe_vs_mild,LMNA,up_in_severe,4.8896374759888223e-29,2.75364240514282,0.269,0.074,8.98519782587706e-25
Hom/Reg-like NPCs,severe_vs_mild,CP,down_in_severe,1.2735422013690653e-25,-1.3560644642912085,0.281,0.598,2.3402611492357945e-21
Hom/Reg-like NPCs,severe_vs_mild,GADD45B,up_in_severe,1.4224650769068876e-25,1.4272963315608251,0.713,0.496,2.6139218253240967e-21
Hom/Reg-like NPCs,severe_vs_mild,H3F3B,down_in_severe,1.0177030155226063e-24,-0.5231075483196967,0.924,0.987,1.8701310613243415e-20
Hom/Reg-like NPCs,severe_vs_mild,PRDX1,down_in_severe,1.7912611286953395e-24,-1.4979821013854722,0.266,0.551,3.291621450090556e-20
Hom/Reg-like NPCs,severe_vs_mild,CYR61,down_in_severe,2.2160542134759047e-24,-0.8345920260336301,0.933,0.968,4.072221222683322e-20
Hom/Reg-like NPCs,severe_vs_mild,ANXA5,down_in_severe,1.2565841464903929e-23,-0.6847420600446168,0.801,0.913,2.309099027590746e-19
Hom/Reg-like NPCs,severe_vs_mild,SERPING1,up_in_severe,2.691523779090832e-23,1.686918009994184,0.474,0.244,4.945944096457312e-19
Hom/Reg-like NPCs,severe_vs_mild,JUNB,up_in_severe,5.68236511187999e-23,1.3238996497663327,0.765,0.636,1.0441914129590671e-18
Hom/Reg-like NPCs,severe_vs_mild,LRP1,up_in_severe,5.752283314378256e-23,2.1177935209683225,0.242,0.069,1.0570395818501483e-18
Hom/Reg-like NPCs,severe_vs_mild,MT2A,up_in_severe,1.0607629820936414e-22,1.5450427263495117,0.841,0.732,1.9492580558952754e-18
Hom/Reg-like NPCs,severe_vs_mild,KLF4,down_in_severe,2.0609699209249347e-21,-0.6976982787313109,0.908,0.975,3.78723832669166e-17
Hom/Reg-like NPCs,severe_vs_mild,ID1,up_in_severe,2.1067863563700827e-21,1.9663861661898447,0.376,0.165,3.871430608465664e-17
Hom/Reg-like NPCs,severe_vs_mild,COL6A2,up_in_severe,2.1551615728720286e-21,2.2598468187147933,0.214,0.059,3.9603249063096397e-17
Hom/Reg-like NPCs,severe_vs_mild,RPS18,up_in_severe,5.603393619945684e-21,2.642928929306132,0.45,0.242,1.0296796116012188e-16
Hom/Reg-like NPCs,severe_vs_mild,SSR4,up_in_severe,1.2238418799894061e-20,2.7893536884769174,0.168,0.039,2.248931838668533e-16
Hom/Reg-like NPCs,severe_vs_mild,RPS23,down_in_severe,9.100844570681453e-20,-0.7197445580256892,0.719,0.885,1.6723711983084238e-15
Hom/Reg-like NPCs,severe_vs_mild,HERPUD1,down_in_severe,1.474068539456464e-19,-0.6235467737097111,0.758,0.91,2.7087483481051983e-15
Hom/Reg-like NPCs,severe_vs_mild,MGP,up_in_severe,1.6814683771190405e-19,1.1912106678403784,0.878,0.833,3.089866289793949e-15
Hom/Reg-like NPCs,severe_vs_mild,DNAJB1,down_in_severe,2.7035295431321254e-19,-0.7402817298537911,0.823,0.919,4.968005888459594e-15
Hom/Reg-like NPCs,severe_vs_mild,PGK1,down_in_severe,6.046191309100176e-19,-0.7168270030450778,0.651,0.824,1.1110481149602483e-14
Hom/Reg-like NPCs,severe_vs_mild,RPL8,up_in_severe,8.529080489206523e-19,1.8277347183209653,0.52,0.316,1.5673038306965907e-14
Hom/Reg-like NPCs,severe_vs_mild,HSPA8,down_in_severe,1.4238449960165776e-18,-0.8084454949982072,0.728,0.883,2.616457564680063e-14
Hom/Reg-like NPCs,severe_vs_mild,IFITM2,up_in_severe,4.157675123070771e-18,1.0458827343209838,0.495,0.266,7.64014380615485e-14
Hom/Reg-like NPCs,severe_vs_mild,HSPB1,up_in_severe,5.908674527136447e-18,1.7023693842300638,0.364,0.169,1.0857780311065935e-13
Hom/Reg-like NPCs,severe_vs_mild,ANXA1,down_in_severe,6.6004749806915866e-18,-0.7065915886143799,0.847,0.966,1.212903282451886e-13
Hom/Reg-like NPCs,severe_vs_mild,HSP90AB1,down_in_severe,1.1978655667025772e-17,-0.49487688697116283,0.92,0.971,2.2011977653726559e-13
Hom/Reg-like NPCs,severe_vs_mild,P4HB,up_in_severe,4.4472681414189394e-17,1.2599280688993488,0.419,0.203,8.172299936671444e-13
Hom/Reg-like NPCs,severe_vs_mild,DNAJA1,down_in_severe,7.861599112546576e-17,-0.60755268478716,0.789,0.91,1.4446474529215588e-12
Hom/Reg-like NPCs,severe_vs_mild,TSPO,up_in_severe,1.122860857181691e-16,1.635846080585079,0.214,0.072,2.0633691111570753e-12
Hom/Reg-like NPCs,severe_vs_mild,MCL1,down_in_severe,7.953458686218476e-16,-0.5786279352435946,0.758,0.894,1.4615275681795073e-11
Hom/Reg-like NPCs,severe_vs_mild,ERF,up_in_severe,8.6007163481919475e-16,2.258766529246409,0.168,0.049,1.5804676361437523e-11
Hom/Reg-like NPCs,severe_vs_mild,RPL29,up_in_severe,1.0509036588057809e-15,1.6082921817593105,0.453,0.262,1.931140563421503e-11
Hom/Reg-like NPCs,severe_vs_mild,RTN4,down_in_severe,1.079757737548788e-15,-0.6743622911749116,0.59,0.807,1.9841628185196526e-11
Hom/Reg-like NPCs,severe_vs_mild,RPL5,down_in_severe,1.887644600786724e-15,-0.4761599593709329,0.826,0.938,3.4687357184056835e-11
Hom/Reg-like NPCs,severe_vs_mild,HSPH1,down_in_severe,2.315246089014429e-15,-0.8686982595444412,0.602,0.802,4.2544962131729143e-11
Hom/Reg-like NPCs,severe_vs_mild,ACTG1,down_in_severe,6.123406219176998e-15,-0.3945639591362644,0.976,0.99,1.1252371268359651e-10
Hom/Reg-like NPCs,severe_vs_mild,CALM2,down_in_severe,6.134134400109799e-15,-0.5663854029255093,0.737,0.891,1.1272085373641767e-10
Hom/Reg-like NPCs,severe_vs_mild,RPS6,down_in_severe,6.9427289054649216e-15,-0.3621483071269207,0.951,0.982,1.275795863668234e-10
Hom/Reg-like NPCs,severe_vs_mild,MT1G,up_in_severe,6.954074413291391e-15,1.7775640870004406,0.434,0.257,1.277880714186426e-10
Hom/Reg-like NPCs,severe_vs_mild,SCD,down_in_severe,1.0702729458088447e-14,-1.7463694214499885,0.128,0.337,1.966733565218333e-10
Hom/Reg-like NPCs,severe_vs_mild,CNMD,down_in_severe,1.0977990337630107e-14,-0.6734844273817768,0.657,0.827,2.0173155044429084e-10
Hom/Reg-like NPCs,severe_vs_mild,MIA,up_in_severe,1.4111822909947034e-14,1.6016660463807662,0.284,0.129,2.593188577931867e-10
Hom/Reg-like NPCs,severe_vs_mild,PNRC2,down_in_severe,3.268534877985748e-14,-0.6348776310856188,0.544,0.753,6.006259691786611e-10
Hom/Reg-like NPCs,severe_vs_mild,VCAN,down_in_severe,4.121499435172381e-14,-1.0601579448143825,0.333,0.55,7.573667362072768e-10
Hom/Reg-like NPCs,severe_vs_mild,CNBP,down_in_severe,5.1903464982794583e-14,-0.7465813199618889,0.453,0.666,9.537780725238332e-10
Hom/Reg-like NPCs,severe_vs_mild,ATP1B1,down_in_severe,9.278691299151563e-14,-0.863608181593521,0.364,0.596,1.7050523131320912e-9
Hom/Reg-like NPCs,severe_vs_mild,RPS28,down_in_severe,9.59485705044485e-14,-0.9210304170504552,0.263,0.479,1.7631509315897457e-9
Hom/Reg-like NPCs,severe_vs_mild,COL1A2,up_in_severe,1.0675114157201192e-13,1.7897664083622837,0.535,0.347,1.961658977527291e-9
Hom/Reg-like NPCs,severe_vs_mild,CLEC11A,up_in_severe,1.1942587875652425e-13,1.8297811823732046,0.153,0.046,2.1945699480298897e-9
Hom/Reg-like NPCs,severe_vs_mild,INSIG1,down_in_severe,1.2405339604662981e-13,-0.9024241748468298,0.517,0.685,2.2796052057528694e-9
Hom/Reg-like NPCs,severe_vs_mild,NAP1L1,down_in_severe,1.3277484551550617e-13,-0.47460568709777506,0.768,0.921,2.4398705611929415e-9
Hom/Reg-like NPCs,severe_vs_mild,B2M,down_in_severe,2.0849977899601126e-13,-0.4976051426729202,0.823,0.938,3.831391938830703e-9
Hom/Reg-like NPCs,severe_vs_mild,COL3A1,up_in_severe,2.1437848804945755e-13,1.5481805719830435,0.609,0.432,3.939419096396832e-9
Hom/Reg-like NPCs,severe_vs_mild,TPT1,down_in_severe,2.28350499127189e-13,-0.32706109071604494,0.979,0.99,4.196168771961225e-9
Hom/Reg-like NPCs,severe_vs_mild,JDP2,up_in_severe,2.3089162774299434e-13,1.5116267919392476,0.239,0.099,4.242864551405264e-9
Hom/Reg-like NPCs,severe_vs_mild,PCOLCE2,down_in_severe,3.3912621262975303e-13,-0.6035563124318859,0.777,0.872,6.231783283284342e-9
Hom/Reg-like NPCs,severe_vs_mild,VEGFA,down_in_severe,4.366382901269183e-13,-0.7586364560560743,0.48,0.674,8.023665219372251e-9
Hom/Reg-like NPCs,severe_vs_mild,SOD3,up_in_severe,6.118873871378321e-13,1.6768963461037374,0.239,0.1,1.1244042626044802e-8
Hom/Reg-like NPCs,severe_vs_mild,INHBA,down_in_severe,8.172727637964069e-13,-0.6001308576622391,0.651,0.837,1.5018204307522774e-8
Hom/Reg-like NPCs,severe_vs_mild,GEM,down_in_severe,8.633023334314127e-13,-0.9114516387613847,0.526,0.711,1.586404367913564e-8
Hom/Reg-like NPCs,severe_vs_mild,EIF4A2,down_in_severe,1.5345297131053382e-12,-0.5277896179578883,0.725,0.858,2.8198518008023697e-8
Hom/Reg-like NPCs,severe_vs_mild,MAPK14,down_in_severe,2.6068589535013387e-12,-1.2062148978306695,0.193,0.394,4.79036401295406e-8
Hom/Reg-like NPCs,severe_vs_mild,BTF3,down_in_severe,3.254669359441663e-12,-0.4971424681565928,0.725,0.838,5.98078041491e-8
Hom/Reg-like NPCs,severe_vs_mild,RPL11,down_in_severe,3.5567618198770214e-12,-0.47778286232132006,0.774,0.896,6.535905520206014e-8
Hom/Reg-like NPCs,severe_vs_mild,TPI1,down_in_severe,4.050036454472141e-12,-0.6272328929869988,0.489,0.694,7.442346988738005e-8
Hom/Reg-like NPCs,severe_vs_mild,FTL,up_in_severe,4.87490239593339e-12,0.6428152452847682,0.709,0.576,8.958120642767197e-8
Hom/Reg-like NPCs,severe_vs_mild,ACAN,up_in_severe,5.151708237161327e-12,0.9868768895833586,0.841,0.767,9.466779056607654e-8
Hom/Reg-like NPCs,severe_vs_mild,IDI1,down_in_severe,7.532454779865688e-12,-0.8079214878193897,0.346,0.548,1.3841638903481188e-7
Hom/Reg-like NPCs,severe_vs_mild,CRIP2,up_in_severe,8.087396944778381e-12,2.59239634182377,0.101,0.025,1.4861400625724754e-7
Hom/Reg-like NPCs,severe_vs_mild,HSPD1,down_in_severe,1.3985573469439966e-11,-0.5548895563266343,0.554,0.741,2.569988980744288e-7
Hom/Reg-like NPCs,severe_vs_mild,CDC37,up_in_severe,1.7483643757580347e-11,2.039235840862742,0.11,0.03,3.2127943768929646e-7
Hom/Reg-like NPCs,severe_vs_mild,CTGF,down_in_severe,1.797190989093799e-11,-0.6777450145830031,0.914,0.938,3.3025181615587646e-7
Hom/Reg-like NPCs,severe_vs_mild,P4HA1,down_in_severe,1.843733318871975e-11,-0.6126526679631645,0.526,0.689,3.388044346759141e-7
Hom/Reg-like NPCs,severe_vs_mild,RPLP1,up_in_severe,2.1628050240644197e-11,0.8563769793198537,0.706,0.617,3.974370512220778e-7
Hom/Reg-like NPCs,severe_vs_mild,EPRS,down_in_severe,2.6903935488598093e-11,-1.624115520687297,0.122,0.298,4.943867185384785e-7
Hom/Reg-like NPCs,severe_vs_mild,SCX,up_in_severe,3.432020712355124e-11,1.4901037355040474,0.174,0.066,6.306681261023775e-7
Hom/Reg-like NPCs,severe_vs_mild,UAP1,down_in_severe,4.3849737485640774e-11,-0.6745502403091992,0.502,0.678,8.057827760361348e-7
Hom/Reg-like NPCs,severe_vs_mild,FKBP5,up_in_severe,4.971607270210028e-11,2.113808887735567,0.196,0.082,9.135825519737948e-7
Hom/Reg-like NPCs,severe_vs_mild,FGFBP2,down_in_severe,5.483073405293855e-11,-0.6232667888201631,0.896,0.929,1.0075695689567987e-6
Hom/Reg-like NPCs,severe_vs_mild,OAT,down_in_severe,1.0093614836116367e-10,-0.6571618241290504,0.52,0.681,1.8548026622847436e-6
Hom/Reg-like NPCs,severe_vs_mild,NNMT,up_in_severe,1.0627835104676448e-10,1.0395677631467888,0.492,0.347,1.952970978835344e-6
Hom/Reg-like NPCs,severe_vs_mild,PLOD2,down_in_severe,1.0975932795139927e-10,-0.4726337348327081,0.81,0.906,2.016937410434913e-6
Hom/Reg-like NPCs,severe_vs_mild,CD81,up_in_severe,1.1896736552599893e-10,1.1408988283480523,0.37,0.211,2.1861443089057564e-6
Hom/Reg-like NPCs,severe_vs_mild,RPS17,down_in_severe,1.4418786745880794e-10,-0.4751526461181448,0.826,0.909,2.649596252423055e-6
Hom/Reg-like NPCs,severe_vs_mild,RPS19,up_in_severe,1.44667494613451e-10,1.4839308423461486,0.517,0.376,2.6584098810167755e-6
Hom/Reg-like NPCs,severe_vs_mild,CAV1,down_in_severe,1.4866264941588398e-10,-0.9226673024300771,0.321,0.498,2.731824845666284e-6
Hom/Reg-like NPCs,severe_vs_mild,RCAN1,down_in_severe,1.5069043640918218e-10,-1.07909166479591,0.45,0.618,2.769087459455132e-6
Hom/Reg-like NPCs,severe_vs_mild,TMSB10,up_in_severe,1.828873449227578e-10,2.472363966671595,0.113,0.034,3.3607378503005973e-6
Hom/Reg-like NPCs,severe_vs_mild,ENO2,down_in_severe,1.9813957725700539e-10,-1.425213603816418,0.107,0.274,3.641012871674731e-6
Hom/Reg-like NPCs,severe_vs_mild,WSB1,down_in_severe,2.0195321611889546e-10,-0.5347216808006219,0.569,0.73,3.711092299400823e-6
Hom/Reg-like NPCs,severe_vs_mild,PPA1,down_in_severe,2.073179070066329e-10,-0.5058838288018732,0.174,0.354,3.8096738591538863e-6
Hom/Reg-like NPCs,severe_vs_mild,HLA-C,down_in_severe,2.2228427062053074e-10,-0.4697990891620898,0.679,0.824,4.084695756922873e-6
Hom/Reg-like NPCs,severe_vs_mild,RAB11B,up_in_severe,2.380124281785876e-10,2.0828300114102625,0.196,0.084,4.373716380209725e-6
Hom/Reg-like NPCs,severe_vs_mild,RPLP0,up_in_severe,2.6541114217891443e-10,0.8554883586104627,0.538,0.402,4.8771951486797315e-6
Hom/Reg-like NPCs,severe_vs_mild,PGAM1,down_in_severe,4.3589823377057036e-10,-1.409451359794156,0.138,0.301,8.010065943768e-6
Hom/Reg-like NPCs,severe_vs_mild,HMGCR,down_in_severe,4.4180443449887416e-10,-1.0234983625440857,0.266,0.44,8.118598288351311e-6
Hom/Reg-like NPCs,severe_vs_mild,TCF25,up_in_severe,4.4732593613445715e-10,1.5721764899283426,0.141,0.049,8.220061402406784e-6
Hom/Reg-like NPCs,severe_vs_mild,AP2M1,up_in_severe,4.5003458656828807e-10,1.4091918664551577,0.135,0.046,8.269835562778862e-6
Hom/Reg-like NPCs,severe_vs_mild,SUB1,down_in_severe,4.5079651738936395e-10,-0.45141180843828654,0.416,0.603,8.283836803546952e-6
Hom/Reg-like NPCs,severe_vs_mild,LITAF,down_in_severe,6.38066237510325e-10,-0.4784636632476449,0.48,0.666,1.1725105180489732e-5
Hom/Reg-like NPCs,severe_vs_mild,WIF1,down_in_severe,6.803260132713235e-10,-0.9252090231081402,0.284,0.459,1.2501670819873841e-5
Hom/Reg-like NPCs,severe_vs_mild,C4orf3,down_in_severe,7.533647911194934e-10,-0.7562422534121078,0.422,0.589,1.3843831401611811e-5
Hom/Reg-like NPCs,severe_vs_mild,DDIT4,up_in_severe,8.683879670982241e-10,1.6579474271989316,0.245,0.124,1.5957497283396966e-5
Hom/Reg-like NPCs,severe_vs_mild,PNPLA2,up_in_severe,8.754692024795828e-10,1.3622603357071683,0.232,0.111,1.6087622064764812e-5
Hom/Reg-like NPCs,severe_vs_mild,UQCRHL,down_in_severe,9.717280733221368e-10,-0.8853169958982677,0.239,0.415,1.7856475075367588e-5
Hom/Reg-like NPCs,severe_vs_mild,IFITM3,up_in_severe,1.0258445813314036e-9,0.7671256468652277,0.382,0.22,1.8850920026545874e-5
Hom/Reg-like NPCs,severe_vs_mild,FGFRL1,up_in_severe,1.114850285890233e-9,1.7733893025105814,0.187,0.082,2.048648885351892e-5
Hom/Reg-like NPCs,severe_vs_mild,LUM,down_in_severe,1.334558446728612e-9,-0.3042926608595513,0.933,0.978,2.4523846017084976e-5
Hom/Reg-like NPCs,severe_vs_mild,SKP1,down_in_severe,1.3371643489411107e-9,-0.5632276183669565,0.434,0.622,2.457173207614185e-5
Hom/Reg-like NPCs,severe_vs_mild,CHAD,up_in_severe,1.952078992721453e-9,1.029475253444005,0.502,0.366,3.5871403570249426e-5
Hom/Reg-like NPCs,severe_vs_mild,DEK,down_in_severe,2.2961113210162823e-9,-0.6848644665584176,0.407,0.588,4.21933416349952e-5
Hom/Reg-like NPCs,severe_vs_mild,GBP2,up_in_severe,2.3852547844477663e-9,1.560006743573316,0.162,0.066,4.3831441919012154e-5
Hom/Reg-like NPCs,severe_vs_mild,SUN2,up_in_severe,2.6607573426974467e-9,2.0908483925121586,0.177,0.078,4.889407692940828e-5
Hom/Reg-like NPCs,severe_vs_mild,OAZ1,up_in_severe,2.8767231491693673e-9,0.666015898033427,0.67,0.553,5.28626645891363e-5
Hom/Reg-like NPCs,severe_vs_mild,CD109,down_in_severe,3.180229746174479e-9,-0.6033242406632643,0.187,0.367,5.843990181570223e-5
Hom/Reg-like NPCs,severe_vs_mild,UBL5,up_in_severe,3.401779433041783e-9,1.099935328580628,0.294,0.161,6.25110988615758e-5
Hom/Reg-like NPCs,severe_vs_mild,SIVA1,up_in_severe,3.62975199456435e-9,2.0167933048570723,0.116,0.039,6.67003226521145e-5
Hom/Reg-like NPCs,severe_vs_mild,RPL36,up_in_severe,3.8742291416181275e-9,1.0013391795608255,0.477,0.321,7.119283470637472e-5
Hom/Reg-like NPCs,severe_vs_mild,TNFRSF11B,down_in_severe,4.409860267381369e-9,-0.707443130380371,0.401,0.574,8.103559227340003e-5
Hom/Reg-like NPCs,severe_vs_mild,PFDN5,down_in_severe,4.530951390398203e-9,-0.5292067325378116,0.544,0.718,8.326076274995738e-5
Hom/Reg-like NPCs,severe_vs_mild,PRELP,up_in_severe,4.6402973420872045e-9,0.47884766101996146,0.969,0.967,8.527010395819447e-5
Hom/Reg-like NPCs,severe_vs_mild,NPM1,down_in_severe,5.1210309842181904e-9,-0.34247380885633794,0.789,0.908,9.410406536599347e-5
Hom/Reg-like NPCs,severe_vs_mild,SNX3,down_in_severe,5.3187086055722676e-9,-0.5379691085642122,0.352,0.527,9.7736589335996e-5
Hom/Reg-like NPCs,severe_vs_mild,MSMO1,down_in_severe,5.7980089529051174e-09,-0.5010215980822079,0.199,0.379,1.0654421251858444e-4
Hom/Reg-like NPCs,severe_vs_mild,EIF3E,down_in_severe,8.006572183198014e-9,-0.3961304464627482,0.483,0.65,1.4712877043844671e-4
Hom/Reg-like NPCs,severe_vs_mild,STK26,down_in_severe,8.189783199869421e-9,-1.008725191262761,0.18,0.342,1.504954560808005e-4
Hom/Reg-like NPCs,severe_vs_mild,MRFAP1,down_in_severe,8.682367442596972e-9,-0.5118295640393209,0.459,0.632,1.5954718412516196e-4
Hom/Reg-like NPCs,severe_vs_mild,NDUFA2,up_in_severe,8.75331809771417e-9,1.774458603957002,0.11,0.037,1.608509733635956e-4
Hom/Reg-like NPCs,severe_vs_mild,FXYD6,up_in_severe,1.056422392348719e-8,0.7693772069310743,0.526,0.39,1.941281788180006e-4
Hom/Reg-like NPCs,severe_vs_mild,GSTP1,up_in_severe,1.0871685453445691e-8,0.9759509408874797,0.333,0.198,1.9977809189251802e-4
Hom/Reg-like NPCs,severe_vs_mild,RCN2,down_in_severe,1.2671162820321381e-8,-0.65191430232445,0.327,0.499,2.328452879862257e-4
Hom/Reg-like NPCs,severe_vs_mild,F13A1,down_in_severe,1.4550803377507749e-8,-0.5737031578056424,0.529,0.693,2.6738556286508237e-4
Hom/Reg-like NPCs,severe_vs_mild,FKBP10,up_in_severe,1.6440911849431867e-8,1.1452737411514664,0.291,0.164,3.0211819614516e-4
Hom/Reg-like NPCs,severe_vs_mild,SERF2,up_in_severe,1.7457250744861175e-8,0.882059088740516,0.547,0.423,3.2079443968756897e-4
Hom/Reg-like NPCs,severe_vs_mild,FBXO2,up_in_severe,1.8771985208478455e-8,1.126709435874676,0.217,0.106,3.449540001910001e-4
Hom/Reg-like NPCs,severe_vs_mild,WBP2,up_in_severe,1.951397015454765e-8,1.180705407871416,0.239,0.124,3.585887155599676e-4
Hom/Reg-like NPCs,severe_vs_mild,RPS25,down_in_severe,1.990496071204748e-8,-0.3711666166542198,0.734,0.859,3.657735580445845e-4
Hom/Reg-like NPCs,severe_vs_mild,TFRC,down_in_severe,2.034856748630383e-8,-0.9712254727696871,0.199,0.356,3.7392527612831915e-4
Hom/Reg-like NPCs,severe_vs_mild,PTGS2,down_in_severe,2.289912782022823e-8,-0.8510616645890963,0.306,0.476,4.2079437282451393e-4
Hom/Reg-like NPCs,severe_vs_mild,S100A1,up_in_severe,2.309585610042997e-8,1.0482200163932267,0.333,0.201,4.244094517015011e-4
Hom/Reg-like NPCs,severe_vs_mild,TM4SF1,down_in_severe,2.4286583563952998e-8,-0.9398407544313083,0.3,0.454,4.462902595712003e-4
Hom/Reg-like NPCs,severe_vs_mild,NACA,down_in_severe,2.5435641303183858e-8,-0.33316899304499925,0.749,0.867,4.6740534458730655e-4
Hom/Reg-like NPCs,severe_vs_mild,RPS11,up_in_severe,2.578278178194046e-8,0.8593742742310315,0.627,0.516,4.7378439802493787e-4
Hom/Reg-like NPCs,severe_vs_mild,GABARAPL2,down_in_severe,2.796575255165116e-8,-0.5019564647265204,0.456,0.612,5.138986688891417e-4
Hom/Reg-like NPCs,severe_vs_mild,MT-ND6,up_in_severe,2.8793197400011953e-8,0.708630615459295,0.713,0.712,5.291037954226196e-4
Hom/Reg-like NPCs,severe_vs_mild,HMGN1,down_in_severe,3.5499967892413644e-8,-0.814892580759344,0.196,0.35,6.523474099909931e-4
Hom/Reg-like NPCs,severe_vs_mild,RABGGTB,down_in_severe,3.927639421677407e-8,-0.849986948251087,0.174,0.327,7.217430201274402e-4
Hom/Reg-like NPCs,severe_vs_mild,RAN,down_in_severe,3.986970083753992e-8,-0.5134139698622038,0.612,0.753,7.326456225906335e-4
Hom/Reg-like NPCs,severe_vs_mild,LGALS1,up_in_severe,4.183204925439764e-8,1.3069985174270606,0.174,0.08,7.687057370988111e-4
Hom/Reg-like NPCs,severe_vs_mild,MYLK,down_in_severe,4.31702613914414e-8,-0.5087468588374742,0.162,0.32,7.932967233291273e-4
Hom/Reg-like NPCs,severe_vs_mild,RRBP1,up_in_severe,4.8381125561320825e-8,1.0241180500226807,0.19,0.089,8.890515633148315e-4
Hom/Reg-like NPCs,severe_vs_mild,SRSF2,down_in_severe,5.543287646284479e-8,-0.42142924059379405,0.599,0.736,0.001018634537881236
Hom/Reg-like NPCs,severe_vs_mild,SERTAD1,up_in_severe,6.323469973213689e-8,0.737893102714019,0.456,0.312,0.0011620008422777474
Hom/Reg-like NPCs,severe_vs_mild,SDC2,down_in_severe,6.52698539701734e-8,-0.32273224435284886,0.7,0.801,0.0011993988365559065
Hom/Reg-like NPCs,severe_vs_mild,PAM,down_in_severe,6.682716344291186e-8,-0.5834772683358826,0.416,0.553,0.0012280159554269483
Hom/Reg-like NPCs,severe_vs_mild,FGF7,down_in_severe,7.015027008210258e-8,-0.9765001439037528,0.064,0.188,0.001289081363028717
Hom/Reg-like NPCs,severe_vs_mild,SEC11A,down_in_severe,7.295464581333318e-8,-0.4411402371703186,0.502,0.65,0.0013406145714658104
Hom/Reg-like NPCs,severe_vs_mild,RYBP,down_in_severe,7.803504764377086e-8,-0.6018521781372668,0.486,0.632,0.0014339720355019334
Hom/Reg-like NPCs,severe_vs_mild,ZNF703,up_in_severe,7.852549746007937e-8,1.641710899942976,0.107,0.038,0.0014429845413264184
Hom/Reg-like NPCs,severe_vs_mild,LAMP1,up_in_severe,8.796130001234281e-8,0.826075416951113,0.456,0.321,0.0016163768490268114
Hom/Reg-like NPCs,severe_vs_mild,EFEMP2,up_in_severe,8.921958015854869e-8,2.145647846434723,0.113,0.042,0.0016394990049934906
Hom/Reg-like NPCs,severe_vs_mild,H2AFX,up_in_severe,9.077586145810111e-8,1.1327180192423896,0.217,0.111,0.001668097230154066
Hom/Reg-like NPCs,severe_vs_mild,PLAUR,up_in_severe,9.111647169538628e-8,0.9367307003179386,0.428,0.29,0.0016743562838744182
Hom/Reg-like NPCs,severe_vs_mild,HSP90B1,down_in_severe,1.2742249164003328e-7,-0.32503615020917076,0.795,0.876,0.0023415157063772516
Hom/Reg-like NPCs,severe_vs_mild,DUSP1,down_in_severe,1.2989716839058152e-7,-0.5611046015131453,0.639,0.764,0.002386990366345326
Hom/Reg-like NPCs,severe_vs_mild,HMGB2,down_in_severe,1.4713726157833223e-7,-0.7984151940299364,0.333,0.46,0.002703794318763433
Hom/Reg-like NPCs,severe_vs_mild,CRLF1,up_in_severe,1.4791970402986072e-7,1.3641431448342023,0.138,0.058,0.0027181724812527204
Hom/Reg-like NPCs,severe_vs_mild,BTG2,down_in_severe,1.5724262563154193e-7,-0.4134979075486367,0.596,0.767,0.0028894904886052146
Hom/Reg-like NPCs,severe_vs_mild,RBMX,down_in_severe,1.5874966988261572e-7,-0.4844327833334139,0.443,0.598,0.0029171839337629466
Hom/Reg-like NPCs,severe_vs_mild,EMP1,down_in_severe,1.8379724971593585e-7,-0.41318804911874896,0.881,0.953,0.003377458260780037
Hom/Reg-like NPCs,severe_vs_mild,ATN1,up_in_severe,1.999561463115756e-7,1.3625282252709496,0.171,0.081,0.003674394144621513
Hom/Reg-like NPCs,severe_vs_mild,CYB5R3,up_in_severe,2.025764189999507e-7,0.8980533939579558,0.349,0.219,0.003722544275543094
Hom/Reg-like NPCs,severe_vs_mild,OSTC,down_in_severe,2.103410798246196e-7,-0.6576770739403008,0.3,0.455,0.0038652276828572097
Hom/Reg-like NPCs,severe_vs_mild,TSPYL2,up_in_severe,2.487096211536584e-7,1.3115752796481768,0.165,0.079,0.004570287998319627
Hom/Reg-like NPCs,severe_vs_mild,HSPA1A,down_in_severe,2.673027308997291e-7,-0.2603345079359052,0.792,0.912,0.004911954983013422
Hom/Reg-like NPCs,severe_vs_mild,MYLIP,down_in_severe,2.7061960087264045e-7,-0.8874468548433045,0.248,0.386,0.004972905785635641
Hom/Reg-like NPCs,severe_vs_mild,NUCB2,down_in_severe,2.7132051622550255e-7,-0.5637178156744831,0.419,0.575,0.004985785806159835
Hom/Reg-like NPCs,severe_vs_mild,TMX3,down_in_severe,2.83208522649178e-7,-1.1682718615506114,0.107,0.236,0.005204239812201295
Hom/Reg-like NPCs,severe_vs_mild,SPCS1,down_in_severe,2.860225107829605e-7,-0.7080861497131127,0.355,0.492,0.0052559496581476815
Hom/Reg-like NPCs,severe_vs_mild,SGK1,down_in_severe,3.060973689810038e-7,-0.8134697204114019,0.364,0.521,0.005624845252394926
Hom/Reg-like NPCs,severe_vs_mild,TMEM45A,down_in_severe,3.069350058975684e-7,-0.43315517303700224,0.33,0.488,0.005640237668373718
Hom/Reg-like NPCs,severe_vs_mild,ARL6IP5,down_in_severe,3.2942124410746673e-7,-0.6475141885197933,0.416,0.556,0.0060534447817188084
Hom/Reg-like NPCs,severe_vs_mild,RPS20,down_in_severe,3.4441321015023754e-7,-0.2738848384825525,0.924,0.975,0.006328937149720765
Hom/Reg-like NPCs,severe_vs_mild,CDH19,down_in_severe,3.5664860553024445e-7,-0.8890215631666294,0.205,0.346,0.006553774775223772
Hom/Reg-like NPCs,severe_vs_mild,PRNP,down_in_severe,3.878884286475902e-7,-0.511035475776197,0.416,0.56,0.007127837764828117
Hom/Reg-like NPCs,severe_vs_mild,GBE1,down_in_severe,4.013170588996348e-7,-1.0644981661259727,0.156,0.286,0.00737460227433969
Hom/Reg-like NPCs,severe_vs_mild,ZFAND3,up_in_severe,4.2196204769865026e-7,1.9411513618046263,0.101,0.038,0.007753974588510397
Hom/Reg-like NPCs,severe_vs_mild,CILP,up_in_severe,4.5327051859363066e-7,0.861921021570049,0.554,0.444,0.008329299049676556
Hom/Reg-like NPCs,severe_vs_mild,TIMP1,up_in_severe,5.144296891146488e-7,1.1639537298728642,0.18,0.088,0.009453159967170785
Hom/Reg-like NPCs,severe_vs_mild,EIF5,down_in_severe,5.436562802142742e-7,-0.34805500926117805,0.713,0.814,0.009990227805217503
Hom/Reg-like NPCs,severe_vs_mild,ITGA11,up_in_severe,5.944500164926323e-7,1.2934776946967768,0.135,0.058,0.010923613503068611
Hom/Reg-like NPCs,severe_vs_mild,OGN,down_in_severe,5.950153163052561e-7,-0.40646116407498045,0.838,0.903,0.010934001452425386
Hom/Reg-like NPCs,severe_vs_mild,ZC3H12A,up_in_severe,6.921086338790011e-7,1.1589736641332544,0.226,0.126,0.012718188256160525
Hom/Reg-like NPCs,severe_vs_mild,MATR3,down_in_severe,7.474321055297022e-7,-0.4700527547031963,0.45,0.582,0.013734812371213809
Hom/Reg-like NPCs,severe_vs_mild,RPL39,up_in_severe,7.741514229515654e-7,0.6707180192063364,0.657,0.599,0.014225806548157966
Hom/Reg-like NPCs,severe_vs_mild,HSPA9,down_in_severe,7.897592119354226e-7,-0.40387600564471415,0.398,0.549,0.014512615278525326
Hom/Reg-like NPCs,severe_vs_mild,NGEF,up_in_severe,8.699525042960129e-7,1.0805077538178016,0.232,0.131,0.015986247218943532
Hom/Reg-like NPCs,severe_vs_mild,DARS,down_in_severe,8.770888293797481e-7,-0.676939164026491,0.193,0.333,0.01611738432868225
Hom/Reg-like NPCs,severe_vs_mild,PAX1,down_in_severe,8.821448853452131e-7,-0.6871155375482797,0.309,0.447,0.016210294413103635
Hom/Reg-like NPCs,severe_vs_mild,MMADHC,down_in_severe,8.933066282431658e-7,-0.5410797531365831,0.321,0.478,0.016415402600596415
Hom/Reg-like NPCs,severe_vs_mild,MAPKAPK2,up_in_severe,9.09004286137995e-7,1.0555742844993115,0.257,0.155,0.016703862762071794
Hom/Reg-like NPCs,severe_vs_mild,FOXF2,down_in_severe,1.034231217272667e-6,-2.0772629604781128,0.037,0.13,0.019005032848602527
Hom/Reg-like NPCs,severe_vs_mild,IL1R1,up_in_severe,1.075597412733338e-6,1.551343798502976,0.183,0.097,0.01976517805638782
Hom/Reg-like NPCs,severe_vs_mild,RPL6,down_in_severe,1.2088926542088233e-6,-0.37054664885423616,0.523,0.674,0.022214611413741335
Hom/Reg-like NPCs,severe_vs_mild,MELTF,up_in_severe,1.3295370809937668e-6,0.9553307346744104,0.398,0.285,0.02443157340034146
Hom/Reg-like NPCs,severe_vs_mild,MAFF,down_in_severe,1.3529475362900265e-6,-0.5044260377060934,0.382,0.523,0.024861763926865527
Hom/Reg-like NPCs,severe_vs_mild,FDFT1,down_in_severe,1.3619491033570246e-6,-1.057525289356375,0.122,0.244,0.025027176723288684
Hom/Reg-like NPCs,severe_vs_mild,ANP32B,down_in_severe,1.4176794777882372e-6,-0.5780199848935887,0.462,0.585,0.026051278083836647
Hom/Reg-like NPCs,severe_vs_mild,RNH1,up_in_severe,1.4266126280712834e-6,1.6997042191067286,0.101,0.039,0.026215433653437904
Hom/Reg-like NPCs,severe_vs_mild,TRIB1,down_in_severe,1.4445100294712181e-6,-0.321988108465995,0.612,0.744,0.026544316301563106
Hom/Reg-like NPCs,severe_vs_mild,TPD52L1,up_in_severe,1.4534832077464663e-6,1.5242494555922386,0.159,0.079,0.026709207425549063
Hom/Reg-like NPCs,severe_vs_mild,NSA2,down_in_severe,1.4591428059046283e-6,-0.5664702493524671,0.346,0.48,0.02681320820130345
Hom/Reg-like NPCs,severe_vs_mild,PRDX4,down_in_severe,1.4875497830422547e-6,-0.4142391825183869,0.563,0.699,0.02733521481318447
Hom/Reg-like NPCs,severe_vs_mild,ALKBH5,up_in_severe,1.5720660358295725e-6,1.6470768209528155,0.116,0.049,0.028888285474404224
Hom/Reg-like NPCs,severe_vs_mild,PDLIM7,up_in_severe,1.6299020706334218e-6,1.2552946476866218,0.135,0.062,0.02995108044995976
Hom/Reg-like NPCs,severe_vs_mild,TNFRSF12A,up_in_severe,1.7166060477780949e-6,0.7938400382404829,0.477,0.362,0.03154435273397027
Hom/Reg-like NPCs,severe_vs_mild,TMEM243,down_in_severe,1.7422922096529026e-6,-1.1397052219121808,0.064,0.169,0.032016361644581735
Hom/Reg-like NPCs,severe_vs_mild,AC013394.1,down_in_severe,1.7458526537019343e-6,-1.134891499396409,0.107,0.221,0.032081788364426746
Hom/Reg-like NPCs,severe_vs_mild,GLS,down_in_severe,1.8028433358568165e-6,-0.26014891239239235,0.462,0.61,0.03312904913970486
Hom/Reg-like NPCs,severe_vs_mild,SLC16A1,down_in_severe,1.9742861799625223e-6,-0.6929823377275949,0.318,0.45,0.03627948284299131
Hom/Reg-like NPCs,severe_vs_mild,RSRP1,down_in_severe,2.0005776888274787e-6,-0.916669406901746,0.165,0.289,0.036762615609893745
Hom/Reg-like NPCs,severe_vs_mild,COMMD6,down_in_severe,2.0475792842019148e-6,-0.3646837153447504,0.575,0.704,0.03762631692649439
Hom/Reg-like NPCs,severe_vs_mild,HSPA2,down_in_severe,2.089571901723644e-6,-0.5269664333839934,0.315,0.451,0.03839797326607368
Hom/Reg-like NPCs,severe_vs_mild,RDH11,down_in_severe,2.1216623101889945e-6,-1.104367447845036,0.211,0.329,0.03898766661203296
Hom/Reg-like NPCs,severe_vs_mild,HMGCS1,down_in_severe,2.3719489897049125e-6,-0.6199355554361627,0.41,0.538,0.04358693463481747
Hom/Reg-like NPCs,severe_vs_mild,INSIG2,down_in_severe,2.4094228900972466e-6,-1.2396185509393667,0.119,0.233,0.044275555028427005
Hom/Reg-like NPCs,severe_vs_mild,S100A11,up_in_severe,2.460140320562066e-6,0.7703644223922844,0.416,0.297,0.04520753853064853
Hom/Reg-like NPCs,severe_vs_mild,FUS,up_in_severe,2.7151356913119966e-6,0.7349951865686623,0.422,0.318,0.049893333463549246
