gene,geo_accession,expression,title,tissue,degeneration_group
ACAN,GSM4429808,11.712499999999999,C74NP: NP of patient C74,Nucleus pulposus,young_non_degenerated
ACAN,GSM4429810,11.7825,C88NP: NP of patient C88,Nucleus pulposus,young_non_degenerated
ACAN,GSM4429812,11.24,D40NP: NP of patient D40,Nucleus pulposus,aged_degenerated
ACAN,GSM4429814,11.19,D45NP: NP of patient D45,Nucleus pulposus,aged_degenerated
COL2A1,GSM4429808,13.075,C74NP: NP of patient C74,Nucleus pulposus,young_non_degenerated
COL2A1,GSM4429810,14.065000000000001,C88NP: NP of patient C88,Nucleus pulposus,young_non_degenerated
COL2A1,GSM4429812,13.515,D40NP: NP of patient D40,Nucleus pulposus,aged_degenerated
COL2A1,GSM4429814,14.09,D45NP: NP of patient D45,Nucleus pulposus,aged_degenerated
COL6A2,GSM4429808,9.605,C74NP: NP of patient C74,Nucleus pulposus,young_non_degenerated
COL6A2,GSM4429810,11.61,C88NP: NP of patient C88,Nucleus pulposus,young_non_degenerated
COL6A2,GSM4429812,11.379999999999999,D40NP: NP of patient D40,Nucleus pulposus,aged_degenerated
COL6A2,GSM4429814,10.625,D45NP: NP of patient D45,Nucleus pulposus,aged_degenerated
BGN,GSM4429808,10.813333333333333,C74NP: NP of patient C74,Nucleus pulposus,young_non_degenerated
BGN,GSM4429810,11.56,C88NP: NP of patient C88,Nucleus pulposus,young_non_degenerated
BGN,GSM4429812,11.333333333333334,D40NP: NP of patient D40,Nucleus pulposus,aged_degenerated
BGN,GSM4429814,11.456666666666665,D45NP: NP of patient D45,Nucleus pulposus,aged_degenerated
GPX4,GSM4429808,9.55,C74NP: NP of patient C74,Nucleus pulposus,young_non_degenerated
GPX4,GSM4429810,10.96,C88NP: NP of patient C88,Nucleus pulposus,young_non_degenerated
GPX4,GSM4429812,12.76,D40NP: NP of patient D40,Nucleus pulposus,aged_degenerated
GPX4,GSM4429814,11.26,D45NP: NP of patient D45,Nucleus pulposus,aged_degenerated
SLC39A14,GSM4429808,7.8500000000000005,C74NP: NP of patient C74,Nucleus pulposus,young_non_degenerated
SLC39A14,GSM4429810,7.833333333333333,C88NP: NP of patient C88,Nucleus pulposus,young_non_degenerated
SLC39A14,GSM4429812,7.576666666666667,D40NP: NP of patient D40,Nucleus pulposus,aged_degenerated
SLC39A14,GSM4429814,8.17,D45NP: NP of patient D45,Nucleus pulposus,aged_degenerated
FTH1,GSM4429808,12.435,C74NP: NP of patient C74,Nucleus pulposus,young_non_degenerated
FTH1,GSM4429810,12.67,C88NP: NP of patient C88,Nucleus pulposus,young_non_degenerated
FTH1,GSM4429812,12.86,D40NP: NP of patient D40,Nucleus pulposus,aged_degenerated
FTH1,GSM4429814,12.45,D45NP: NP of patient D45,Nucleus pulposus,aged_degenerated
FTL,GSM4429808,12.64,C74NP: NP of patient C74,Nucleus pulposus,young_non_degenerated
FTL,GSM4429810,13.45,C88NP: NP of patient C88,Nucleus pulposus,young_non_degenerated
FTL,GSM4429812,14.075,D40NP: NP of patient D40,Nucleus pulposus,aged_degenerated
FTL,GSM4429814,13.675,D45NP: NP of patient D45,Nucleus pulposus,aged_degenerated
COL1A1,GSM4429808,5.118,C74NP: NP of patient C74,Nucleus pulposus,young_non_degenerated
COL1A1,GSM4429810,5.732,C88NP: NP of patient C88,Nucleus pulposus,young_non_degenerated
COL1A1,GSM4429812,7.18,D40NP: NP of patient D40,Nucleus pulposus,aged_degenerated
COL1A1,GSM4429814,8.724,D45NP: NP of patient D45,Nucleus pulposus,aged_degenerated
COL1A2,GSM4429808,9.546666666666667,C74NP: NP of patient C74,Nucleus pulposus,young_non_degenerated
COL1A2,GSM4429810,11.719999999999999,C88NP: NP of patient C88,Nucleus pulposus,young_non_degenerated
COL1A2,GSM4429812,10.276666666666666,D40NP: NP of patient D40,Nucleus pulposus,aged_degenerated
COL1A2,GSM4429814,10.909999999999998,D45NP: NP of patient D45,Nucleus pulposus,aged_degenerated
COL3A1,GSM4429808,8.65,C74NP: NP of patient C74,Nucleus pulposus,young_non_degenerated
COL3A1,GSM4429810,10.805,C88NP: NP of patient C88,Nucleus pulposus,young_non_degenerated
COL3A1,GSM4429812,10.8775,D40NP: NP of patient D40,Nucleus pulposus,aged_degenerated
COL3A1,GSM4429814,11.842500000000001,D45NP: NP of patient D45,Nucleus pulposus,aged_degenerated
POSTN,GSM4429808,4.7,C74NP: NP of patient C74,Nucleus pulposus,young_non_degenerated
POSTN,GSM4429810,3.6975000000000002,C88NP: NP of patient C88,Nucleus pulposus,young_non_degenerated
POSTN,GSM4429812,4.58,D40NP: NP of patient D40,Nucleus pulposus,aged_degenerated
POSTN,GSM4429814,6.28,D45NP: NP of patient D45,Nucleus pulposus,aged_degenerated
ADAMTS5,GSM4429808,4.6725,C74NP: NP of patient C74,Nucleus pulposus,young_non_degenerated
ADAMTS5,GSM4429810,4.0875,C88NP: NP of patient C88,Nucleus pulposus,young_non_degenerated
ADAMTS5,GSM4429812,5.9225,D40NP: NP of patient D40,Nucleus pulposus,aged_degenerated
ADAMTS5,GSM4429814,7.6925,D45NP: NP of patient D45,Nucleus pulposus,aged_degenerated
MMP13,GSM4429808,4.72,C74NP: NP of patient C74,Nucleus pulposus,young_non_degenerated
MMP13,GSM4429810,4.1,C88NP: NP of patient C88,Nucleus pulposus,young_non_degenerated
MMP13,GSM4429812,4.8,D40NP: NP of patient D40,Nucleus pulposus,aged_degenerated
MMP13,GSM4429814,4.93,D45NP: NP of patient D45,Nucleus pulposus,aged_degenerated
GPX3,GSM4429808,12.04,C74NP: NP of patient C74,Nucleus pulposus,young_non_degenerated
GPX3,GSM4429810,10.88,C88NP: NP of patient C88,Nucleus pulposus,young_non_degenerated
GPX3,GSM4429812,12.774999999999999,D40NP: NP of patient D40,Nucleus pulposus,aged_degenerated
GPX3,GSM4429814,12.364999999999998,D45NP: NP of patient D45,Nucleus pulposus,aged_degenerated
CLU,GSM4429808,13.476666666666667,C74NP: NP of patient C74,Nucleus pulposus,young_non_degenerated
CLU,GSM4429810,13.58,C88NP: NP of patient C88,Nucleus pulposus,young_non_degenerated
CLU,GSM4429812,14.386666666666665,D40NP: NP of patient D40,Nucleus pulposus,aged_degenerated
CLU,GSM4429814,14.583333333333334,D45NP: NP of patient D45,Nucleus pulposus,aged_degenerated
COMP,GSM4429808,14.46,C74NP: NP of patient C74,Nucleus pulposus,young_non_degenerated
COMP,GSM4429810,14.26,C88NP: NP of patient C88,Nucleus pulposus,young_non_degenerated
COMP,GSM4429812,14.64,D40NP: NP of patient D40,Nucleus pulposus,aged_degenerated
COMP,GSM4429814,14.72,D45NP: NP of patient D45,Nucleus pulposus,aged_degenerated
SPARC,GSM4429808,9.46,C74NP: NP of patient C74,Nucleus pulposus,young_non_degenerated
SPARC,GSM4429810,11.36,C88NP: NP of patient C88,Nucleus pulposus,young_non_degenerated
SPARC,GSM4429812,12.045,D40NP: NP of patient D40,Nucleus pulposus,aged_degenerated
SPARC,GSM4429814,13.115,D45NP: NP of patient D45,Nucleus pulposus,aged_degenerated
LRP1,GSM4429808,4.275,C74NP: NP of patient C74,Nucleus pulposus,young_non_degenerated
LRP1,GSM4429810,4.37,C88NP: NP of patient C88,Nucleus pulposus,young_non_degenerated
LRP1,GSM4429812,4.4350000000000005,D40NP: NP of patient D40,Nucleus pulposus,aged_degenerated
LRP1,GSM4429814,4.215,D45NP: NP of patient D45,Nucleus pulposus,aged_degenerated
FN1,GSM4429808,11.707142857142856,C74NP: NP of patient C74,Nucleus pulposus,young_non_degenerated
FN1,GSM4429810,11.387142857142859,C88NP: NP of patient C88,Nucleus pulposus,young_non_degenerated
FN1,GSM4429812,11.870000000000001,D40NP: NP of patient D40,Nucleus pulposus,aged_degenerated
FN1,GSM4429814,12.248571428571427,D45NP: NP of patient D45,Nucleus pulposus,aged_degenerated
SLC7A11,GSM4429808,10.200000000000001,C74NP: NP of patient C74,Nucleus pulposus,young_non_degenerated
SLC7A11,GSM4429810,9.483333333333334,C88NP: NP of patient C88,Nucleus pulposus,young_non_degenerated
SLC7A11,GSM4429812,8.4,D40NP: NP of patient D40,Nucleus pulposus,aged_degenerated
SLC7A11,GSM4429814,9.296666666666667,D45NP: NP of patient D45,Nucleus pulposus,aged_degenerated
HMOX1,GSM4429808,14.04,C74NP: NP of patient C74,Nucleus pulposus,young_non_degenerated
HMOX1,GSM4429810,13.94,C88NP: NP of patient C88,Nucleus pulposus,young_non_degenerated
HMOX1,GSM4429812,14.14,D40NP: NP of patient D40,Nucleus pulposus,aged_degenerated
HMOX1,GSM4429814,13.53,D45NP: NP of patient D45,Nucleus pulposus,aged_degenerated
ACSL4,GSM4429808,5.03,C74NP: NP of patient C74,Nucleus pulposus,young_non_degenerated
ACSL4,GSM4429810,6.58,C88NP: NP of patient C88,Nucleus pulposus,young_non_degenerated
ACSL4,GSM4429812,6.09,D40NP: NP of patient D40,Nucleus pulposus,aged_degenerated
ACSL4,GSM4429814,6.15,D45NP: NP of patient D45,Nucleus pulposus,aged_degenerated
