source,target,pathway_name,prob,pval,group
ECM/Adh-NPCs,Eff-NPCs,COLLAGEN,0.003433789364239498,0,mild
ECM/Adh-NPCs,Eff-NPCs,FN1,0.0038003196436051283,0,mild
ECM/Adh-NPCs,Eff-NPCs,Prostaglandin,2.2986045052001842e-5,0,mild
ECM/Adh-NPCs,Fibro-NPCs,COLLAGEN,0.002034669603569237,0,mild
ECM/Adh-NPCs,Fibro-NPCs,FN1,0.0024248118323572376,0,mild
ECM/Adh-NPCs,Fibro-reg NPCs,ANGPTL,1.5004269876681875e-7,0,mild
ECM/Adh-NPCs,Fibro-reg NPCs,COLLAGEN,0.003860312497254895,0,mild
ECM/Adh-NPCs,Fibro-reg NPCs,FGF,9.916278730159262e-5,0,mild
ECM/Adh-NPCs,Fibro-reg NPCs,FN1,0.004452615680717336,0,mild
ECM/Adh-NPCs,Fibro-reg NPCs,IGF,2.5343983312143766e-6,0,mild
ECM/Adh-NPCs,Fibro-reg NPCs,LIFR,1.7000643570189456e-5,0,mild
ECM/Adh-NPCs,Hom-NPCs,COLLAGEN,0.002050062177196394,0,mild
ECM/Adh-NPCs,Hom-NPCs,FN1,0.0029565529433445642,0,mild
ECM/Adh-NPCs,Hom/Reg-like NPCs,ADGRG,5.492129638623179e-6,0,mild
ECM/Adh-NPCs,Hom/Reg-like NPCs,COLLAGEN,0.009803004978585522,0,mild
ECM/Adh-NPCs,Hom/Reg-like NPCs,FGF,6.190102637641477e-4,0,mild
ECM/Adh-NPCs,Hom/Reg-like NPCs,FN1,0.012724119533093006,0,mild
Eff-NPCs,ECM/Adh-NPCs,ANGPTL,3.6383875660591955e-6,0,mild
Eff-NPCs,ECM/Adh-NPCs,SPP1,3.9001025988233444e-6,0,mild
Eff-NPCs,Eff-NPCs,ANGPTL,2.4765900783444857e-6,0,mild
Eff-NPCs,Eff-NPCs,CD46,2.638353652694779e-7,0,mild
Eff-NPCs,Eff-NPCs,FGF,3.410615647703388e-5,0,mild
Eff-NPCs,Eff-NPCs,FN1,9.272782941418149e-4,0,mild
Eff-NPCs,Eff-NPCs,IL6,5.141095406942003e-6,0,mild
Eff-NPCs,Eff-NPCs,NOTCH,6.181954649337331e-7,0,mild
Eff-NPCs,Eff-NPCs,PROS,2.550659054689218e-7,0,mild
Eff-NPCs,Eff-NPCs,Prostaglandin,7.82760170153119e-5,0,mild
Eff-NPCs,Eff-NPCs,SPP1,3.0498542589231976e-5,0,mild
Eff-NPCs,Eff-NPCs,THBS,3.058997491936118e-5,0,mild
Eff-NPCs,Fibro-NPCs,ANGPTL,1.7035256533455798e-6,0,mild
Eff-NPCs,Fibro-NPCs,FN1,5.875999524003375e-4,0,mild
Eff-NPCs,Fibro-NPCs,SPP1,3.513302219035861e-5,0,mild
Eff-NPCs,Fibro-reg NPCs,ANGPTL,5.995168780343851e-6,0,mild
Eff-NPCs,Fibro-reg NPCs,COLLAGEN,1.250705645241443e-4,0,mild
Eff-NPCs,Fibro-reg NPCs,FGF,5.4324173060827364e-5,0,mild
Eff-NPCs,Fibro-reg NPCs,FN1,0.0010798922443816853,0,mild
Eff-NPCs,Fibro-reg NPCs,IGF,1.646418875462849e-7,0,mild
Eff-NPCs,Fibro-reg NPCs,IL6,1.3865353755589529e-6,0,mild
Eff-NPCs,Fibro-reg NPCs,LIFR,4.06316718376158e-5,0,mild
Eff-NPCs,Fibro-reg NPCs,NOTCH,1.3696756501621134e-6,0,mild
Eff-NPCs,Fibro-reg NPCs,PROS,1.314093654404801e-6,0,mild
Eff-NPCs,Fibro-reg NPCs,Prostaglandin,2.5773096692641807e-5,0,mild
Eff-NPCs,Fibro-reg NPCs,SPP1,6.475941563760476e-5,0,mild
Eff-NPCs,Fibro-reg NPCs,THBS,2.6195606329565612e-5,0,mild
Eff-NPCs,Fibro-reg NPCs,VISFATIN,3.62987183358024e-5,0,mild
Eff-NPCs,Hom-NPCs,ANGPTL,8.878840534030233e-6,0,mild
Eff-NPCs,Hom-NPCs,FN1,7.104132153469577e-4,0,mild
Eff-NPCs,Hom-NPCs,SPP1,1.3512049986307759e-5,0,mild
Eff-NPCs,Hom-NPCs,THBS,8.018265013290385e-5,0,mild
Eff-NPCs,Hom/Reg-like NPCs,ADGRG,2.845093596521919e-5,0,mild
Eff-NPCs,Hom/Reg-like NPCs,ANGPTL,1.8669470765454705e-5,0,mild
Eff-NPCs,Hom/Reg-like NPCs,FGF,3.3915798841206447e-4,0,mild
Eff-NPCs,Hom/Reg-like NPCs,FN1,0.0021986188181407048,0,mild
Eff-NPCs,Hom/Reg-like NPCs,IL6,2.917693733464133e-5,0,mild
Eff-NPCs,Hom/Reg-like NPCs,NOTCH,1.9746233049140925e-6,0,mild
Eff-NPCs,Hom/Reg-like NPCs,SPP1,8.810867834519377e-5,0,mild
Eff-NPCs,Hom/Reg-like NPCs,THBS,1.903877424775596e-4,0,mild
Eff-NPCs,Ht-NPCs,ANGPTL,2.904486292094279e-7,0,mild
Eff-NPCs,Ht-NPCs,PROS,7.486947453143824e-8,0,mild
Eff-NPCs,Ht-NPCs,SPP1,3.111969471781097e-7,0,mild
Eff-NPCs,Ht-NPCs,THBS,1.627352406503931e-6,0,mild
Fibro-NPCs,ECM/Adh-NPCs,COLLAGEN,8.56027100155022e-5,0,mild
Fibro-NPCs,ECM/Adh-NPCs,PERIOSTIN,1.5151638994239631e-5,0,mild
Fibro-NPCs,Eff-NPCs,COLLAGEN,0.004528129021472753,0,mild
Fibro-NPCs,Eff-NPCs,FN1,0.001727992799554906,0,mild
Fibro-NPCs,Eff-NPCs,IGFBP,2.2121702416694922e-8,0,mild
Fibro-NPCs,Eff-NPCs,PERIOSTIN,4.05990596297693e-5,0,mild
Fibro-NPCs,Eff-NPCs,Prostaglandin,4.1306161129860126e-5,0,mild
Fibro-NPCs,Eff-NPCs,TENASCIN,2.3556970537066735e-4,0,mild
Fibro-NPCs,Eff-NPCs,THBS,1.220707819088928e-5,0,mild
Fibro-NPCs,Fibro-NPCs,COLLAGEN,0.002683780927759218,0,mild
Fibro-NPCs,Fibro-NPCs,FN1,0.001098980493313598,0,mild
Fibro-NPCs,Fibro-NPCs,GAP,1.4340603253073928e-6,0,mild
Fibro-NPCs,Fibro-NPCs,PERIOSTIN,3.988461334815789e-5,0,mild
Fibro-NPCs,Fibro-reg NPCs,CD99,4.0266811187904256e-4,0,mild
Fibro-NPCs,Fibro-reg NPCs,COLLAGEN,0.005741218832704769,0,mild
Fibro-NPCs,Fibro-reg NPCs,FN1,0.0020187662663146704,0,mild
Fibro-NPCs,Fibro-reg NPCs,GAP,4.968405022348147e-6,0,mild
Fibro-NPCs,Fibro-reg NPCs,IGFBP,3.639025273400766e-7,0,mild
Fibro-NPCs,Fibro-reg NPCs,LIFR,2.887757832724168e-6,0,mild
Fibro-NPCs,Fibro-reg NPCs,PERIOSTIN,1.9259898390037525e-4,0,mild
Fibro-NPCs,Fibro-reg NPCs,Prostaglandin,1.3483364340376358e-5,0,mild
Fibro-NPCs,Fibro-reg NPCs,TENASCIN,7.09650420674176e-5,0,mild
Fibro-NPCs,Fibro-reg NPCs,THBS,8.673656880427968e-6,0,mild
Fibro-NPCs,Hom-NPCs,CD99,0.0011973044480126963,0,mild
Fibro-NPCs,Hom-NPCs,COLLAGEN,0.004465180938292092,0,mild
Fibro-NPCs,Hom-NPCs,FN1,0.0013346078364136343,0,mild
Fibro-NPCs,Hom-NPCs,IGFBP,1.758442409712641e-6,0,mild
Fibro-NPCs,Hom-NPCs,TENASCIN,3.6632252033715697e-4,0,mild
Fibro-NPCs,Hom-NPCs,THBS,2.8397545580020112e-5,0,mild
Fibro-NPCs,Hom/Reg-like NPCs,ADGRG,7.990870682136215e-6,0,mild
Fibro-NPCs,Hom/Reg-like NPCs,COLLAGEN,0.013651251221513882,0,mild
Fibro-NPCs,Hom/Reg-like NPCs,FN1,0.005747301532202959,0,mild
Fibro-NPCs,Hom/Reg-like NPCs,IGFBP,1.5155543280327334e-6,0,mild
Fibro-NPCs,Hom/Reg-like NPCs,PERIOSTIN,2.5957265049967584e-4,0,mild
Fibro-NPCs,Hom/Reg-like NPCs,TENASCIN,8.42986781443597e-4,0,mild
Fibro-NPCs,Hom/Reg-like NPCs,THBS,6.10943528003495e-5,0,mild
Fibro-NPCs,Ht-NPCs,COLLAGEN,1.1528810571844828e-4,0,mild
Fibro-NPCs,Ht-NPCs,IGFBP,1.6689217727611095e-7,0,mild
Fibro-NPCs,Ht-NPCs,TENASCIN,1.1975762448553339e-5,0,mild
Fibro-NPCs,Ht-NPCs,THBS,9.671221375144715e-7,0,mild
Fibro-reg NPCs,ECM/Adh-NPCs,COLLAGEN,3.0694731894850048e-6,0,mild
Fibro-reg NPCs,ECM/Adh-NPCs,LAMININ,1.7594489731979325e-6,0,mild
Fibro-reg NPCs,ECM/Adh-NPCs,PERIOSTIN,1.3148841442459527e-6,0,mild
Fibro-reg NPCs,ECM/Adh-NPCs,SPP1,2.271584157164919e-7,0,mild
Fibro-reg NPCs,Eff-NPCs,CD46,9.587663851260935e-7,0,mild
Fibro-reg NPCs,Eff-NPCs,COLLAGEN,0.002239425254278572,0,mild
Fibro-reg NPCs,Eff-NPCs,FN1,0.0011536604491038565,0,mild
Fibro-reg NPCs,Eff-NPCs,IGFBP,4.09408250791091e-8,0,mild
Fibro-reg NPCs,Eff-NPCs,LAMININ,1.6147818017448554e-5,0,mild
Fibro-reg NPCs,Eff-NPCs,PDGF,3.11220526671102e-7,0,mild
Fibro-reg NPCs,Eff-NPCs,PERIOSTIN,3.5387791673369677e-6,0,mild
Fibro-reg NPCs,Eff-NPCs,PROS,5.579070890515813e-7,0,mild
Fibro-reg NPCs,Eff-NPCs,Prostaglandin,6.0707827941820544e-5,0,mild
Fibro-reg NPCs,Eff-NPCs,SPP1,1.78379316912044e-6,0,mild
Fibro-reg NPCs,Eff-NPCs,TENASCIN,1.2016465287007942e-4,0,mild
Fibro-reg NPCs,Eff-NPCs,TGFb,3.2073350335032027e-7,0,mild
Fibro-reg NPCs,Eff-NPCs,THBS,1.7946565694493299e-4,0,mild
Fibro-reg NPCs,Fibro-NPCs,CD99,4.0266811187904256e-4,0,mild
Fibro-reg NPCs,Fibro-NPCs,COLLAGEN,0.0013281030008325716,0,mild
Fibro-reg NPCs,Fibro-NPCs,FN1,7.351585328127979e-4,0,mild
Fibro-reg NPCs,Fibro-NPCs,GAP,4.968405022348147e-6,0,mild
Fibro-reg NPCs,Fibro-NPCs,LAMININ,1.883006268061524e-5,0,mild
Fibro-reg NPCs,Fibro-NPCs,PERIOSTIN,3.469500472667654e-6,0,mild
Fibro-reg NPCs,Fibro-NPCs,SPP1,2.052285170223084e-6,0,mild
Fibro-reg NPCs,Fibro-NPCs,THBS,3.3973553147184684e-6,0,mild
Fibro-reg NPCs,Fibro-reg NPCs,ANGPTL,2.418614921674858e-5,0,mild
Fibro-reg NPCs,Fibro-reg NPCs,CD99,3.5832752495687205e-4,0,mild
Fibro-reg NPCs,Fibro-reg NPCs,COLLAGEN,0.002782905124300409,0,mild
Fibro-reg NPCs,Fibro-reg NPCs,FN1,0.0013501380387879725,0,mild
Fibro-reg NPCs,Fibro-reg NPCs,GAP,1.7170803944170252e-5,0,mild
Fibro-reg NPCs,Fibro-reg NPCs,GRN,1.0943080289002647e-6,0,mild
Fibro-reg NPCs,Fibro-reg NPCs,IGFBP,6.734172247273857e-7,0,mild
Fibro-reg NPCs,Fibro-reg NPCs,LAMININ,2.1538799710108257e-5,0,mild
Fibro-reg NPCs,Fibro-reg NPCs,LIFR,8.01519878053069e-6,0,mild
Fibro-reg NPCs,Fibro-reg NPCs,Netrin,7.012130861829048e-9,0,mild
Fibro-reg NPCs,Fibro-reg NPCs,PDGF,3.7897008874341347e-6,0,mild
Fibro-reg NPCs,Fibro-reg NPCs,PERIOSTIN,1.7089210811883773e-5,0,mild
Fibro-reg NPCs,Fibro-reg NPCs,PROS,2.873582062154705e-6,0,mild
Fibro-reg NPCs,Fibro-reg NPCs,PTPRM,4.4376903133515626e-8,0,mild
Fibro-reg NPCs,Fibro-reg NPCs,Prostaglandin,1.992365720822154e-5,0,mild
Fibro-reg NPCs,Fibro-reg NPCs,SPP1,3.786853027982266e-6,0,mild
Fibro-reg NPCs,Fibro-reg NPCs,TENASCIN,3.603220826883778e-5,0,mild
Fibro-reg NPCs,Fibro-reg NPCs,TGFb,1.2212453044707554e-6,0,mild
Fibro-reg NPCs,Fibro-reg NPCs,THBS,1.262832520850526e-4,0,mild
Fibro-reg NPCs,Fibro-reg NPCs,VISFATIN,1.6579725628448995e-5,0,mild
Fibro-reg NPCs,Hom-NPCs,CD99,0.0010664079071312168,0,mild
Fibro-reg NPCs,Hom-NPCs,COLLAGEN,0.0016751684928375881,0,mild
Fibro-reg NPCs,Hom-NPCs,FN1,8.949538457854735e-4,0,mild
Fibro-reg NPCs,Hom-NPCs,IGFBP,3.253897382881862e-6,0,mild
Fibro-reg NPCs,Hom-NPCs,LAMININ,8.28984768847821e-6,0,mild
Fibro-reg NPCs,Hom-NPCs,SPP1,7.874964646374023e-7,0,mild
Fibro-reg NPCs,Hom-NPCs,TENASCIN,1.8623363337380713e-4,0,mild
Fibro-reg NPCs,Hom-NPCs,THBS,4.2811575646672006e-4,0,mild
Fibro-reg NPCs,Hom/Reg-like NPCs,ADGRG,3.810878869890204e-5,0,mild
Fibro-reg NPCs,Hom/Reg-like NPCs,CD99,0.001526178327850498,0,mild
Fibro-reg NPCs,Hom/Reg-like NPCs,COLLAGEN,0.006426568175015665,0,mild
Fibro-reg NPCs,Hom/Reg-like NPCs,FGF,1.4193245297303789e-5,0,mild
Fibro-reg NPCs,Hom/Reg-like NPCs,FN1,0.0038525467689422555,0,mild
Fibro-reg NPCs,Hom/Reg-like NPCs,IGFBP,2.804631785852896e-6,0,mild
Fibro-reg NPCs,Hom/Reg-like NPCs,LAMININ,2.6466009855654074e-5,0,mild
Fibro-reg NPCs,Hom/Reg-like NPCs,Netrin,2.1615164232043014e-7,0,mild
Fibro-reg NPCs,Hom/Reg-like NPCs,PDGF,1.0221343539361208e-6,0,mild
Fibro-reg NPCs,Hom/Reg-like NPCs,PERIOSTIN,2.2657917537298205e-5,0,mild
Fibro-reg NPCs,Hom/Reg-like NPCs,SPP1,5.138199606018365e-6,0,mild
Fibro-reg NPCs,Hom/Reg-like NPCs,TENASCIN,4.2922885086399095e-4,0,mild
Fibro-reg NPCs,Hom/Reg-like NPCs,TGFb,4.544970447727052e-6,0,mild
Fibro-reg NPCs,Hom/Reg-like NPCs,THBS,9.188841291213314e-4,0,mild
Fibro-reg NPCs,Ht-NPCs,CD99,2.8678611006146613e-5,0,mild
Fibro-reg NPCs,Ht-NPCs,COLLAGEN,4.467211120040837e-5,0,mild
Fibro-reg NPCs,Ht-NPCs,IGFBP,3.08729566637005e-7,0,mild
Fibro-reg NPCs,Ht-NPCs,LAMININ,2.094311916143245e-7,0,mild
Fibro-reg NPCs,Ht-NPCs,PROS,1.6374166430489788e-7,0,mild
Fibro-reg NPCs,Ht-NPCs,SPP1,1.813524404786811e-8,0,mild
Fibro-reg NPCs,Ht-NPCs,TENASCIN,6.0893212904771695e-6,0,mild
Fibro-reg NPCs,Ht-NPCs,TGFb,2.427128566908826e-9,0,mild
Fibro-reg NPCs,Ht-NPCs,THBS,1.4572550617128884e-5,0,mild
Hom-NPCs,ECM/Adh-NPCs,SPP1,2.066774049615128e-6,0,mild
Hom-NPCs,Eff-NPCs,CD46,8.253771518510749e-7,0,mild
Hom-NPCs,Eff-NPCs,COLLAGEN,6.812284060987668e-4,0,mild
Hom-NPCs,Eff-NPCs,FGF,3.705393381655654e-6,0,mild
Hom-NPCs,Eff-NPCs,FN1,0.001978276900210369,0,mild
Hom-NPCs,Eff-NPCs,Prostaglandin,1.4786886156826774e-4,0,mild
Hom-NPCs,Eff-NPCs,SPP1,1.6221809827143305e-5,0,mild
Hom-NPCs,Fibro-NPCs,CD99,0.0011973044480126963,0,mild
Hom-NPCs,Fibro-NPCs,COLLAGEN,4.222853535488058e-4,0,mild
Hom-NPCs,Fibro-NPCs,FN1,0.0012415376804829153,0,mild
Hom-NPCs,Fibro-NPCs,SPP1,1.8666176693531595e-5,0,mild
Hom-NPCs,Fibro-reg NPCs,ANGPTL,1.1154410397990912e-5,0,mild
Hom-NPCs,Fibro-reg NPCs,CD99,0.0010664079071312168,0,mild
Hom-NPCs,Fibro-reg NPCs,COLLAGEN,9.605071939964179e-4,0,mild
Hom-NPCs,Fibro-reg NPCs,FGF,1.0039111346014432e-4,0,mild
Hom-NPCs,Fibro-reg NPCs,FN1,0.0022851986566678186,0,mild
Hom-NPCs,Fibro-reg NPCs,LIFR,3.298646954495307e-6,0,mild
Hom-NPCs,Fibro-reg NPCs,PDGF,1.749747585797735e-7,0,mild
Hom-NPCs,Fibro-reg NPCs,Prostaglandin,4.8432204367184986e-5,0,mild
Hom-NPCs,Fibro-reg NPCs,SPP1,3.443845846551949e-5,0,mild
Hom-NPCs,Fibro-reg NPCs,VISFATIN,2.091431917888312e-5,0,mild
Hom-NPCs,Hom-NPCs,CD99,0.003173354267489353,0,mild
Hom-NPCs,Hom-NPCs,SPP1,7.164421681352539e-6,0,mild
Hom-NPCs,Hom/Reg-like NPCs,ADGRG,5.482350923035117e-5,0,mild
Hom-NPCs,Hom/Reg-like NPCs,CD99,0.004540562186598684,0,mild
Hom-NPCs,Hom/Reg-like NPCs,COLLAGEN,0.001515328241527244,0,mild
Hom-NPCs,Hom/Reg-like NPCs,FGF,6.266703886013647e-4,0,mild
Hom-NPCs,Hom/Reg-like NPCs,FN1,0.0046109261993266615,0,mild
Hom-NPCs,Hom/Reg-like NPCs,PDGF,4.711282295042692e-8,0,mild
Hom-NPCs,Hom/Reg-like NPCs,SPP1,4.674260918361384e-5,0,mild
Hom-NPCs,Ht-NPCs,FGF,4.646677640575387e-7,0,mild
Hom-NPCs,Ht-NPCs,SPP1,1.6499107878232534e-7,0,mild
Hom/Reg-like NPCs,ECM/Adh-NPCs,ANGPTL,1.967689473578162e-5,0,mild
Hom/Reg-like NPCs,ECM/Adh-NPCs,FGF,1.8381344555255176e-5,0,mild
Hom/Reg-like NPCs,Eff-NPCs,ANGPTL,1.3393709225157073e-5,0,mild
Hom/Reg-like NPCs,Eff-NPCs,CD46,3.2251695937874228e-6,0,mild
Hom/Reg-like NPCs,Eff-NPCs,COLLAGEN,0.003452273877836822,0,mild
Hom/Reg-like NPCs,Eff-NPCs,FGF,2.0523637425543965e-4,0,mild
Hom/Reg-like NPCs,Eff-NPCs,FN1,0.003907145252616475,0,mild
Hom/Reg-like NPCs,Eff-NPCs,PDGF,6.192981453720017e-7,0,mild
Hom/Reg-like NPCs,Eff-NPCs,PROS,1.635432635188227e-6,0,mild
Hom/Reg-like NPCs,Eff-NPCs,Prostaglandin,3.6390438770963975e-4,0,mild
Hom/Reg-like NPCs,Eff-NPCs,THBS,2.955256213473805e-4,0,mild
Hom/Reg-like NPCs,Fibro-NPCs,ANGPTL,9.212939955451282e-6,0,mild
Hom/Reg-like NPCs,Fibro-NPCs,COLLAGEN,0.0018452866919512639,0,mild
Hom/Reg-like NPCs,Fibro-NPCs,FGF,2.977455185987873e-6,0,mild
Hom/Reg-like NPCs,Fibro-NPCs,FN1,0.002465194517225837,0,mild
Hom/Reg-like NPCs,Fibro-reg NPCs,ANGPTL,1.0483809037161537e-4,0,mild
Hom/Reg-like NPCs,Fibro-reg NPCs,CD99,0.001526178327850498,0,mild
Hom/Reg-like NPCs,Fibro-reg NPCs,COLLAGEN,0.0044558481451072865,0,mild
Hom/Reg-like NPCs,Fibro-reg NPCs,FGF,3.270550768793373e-4,0,mild
Hom/Reg-like NPCs,Fibro-reg NPCs,FN1,0.004533414517227975,0,mild
Hom/Reg-like NPCs,Fibro-reg NPCs,IGF,3.6892425733020274e-5,0,mild
Hom/Reg-like NPCs,Fibro-reg NPCs,LIFR,1.3457706307518283e-5,0,mild
Hom/Reg-like NPCs,Fibro-reg NPCs,PDGF,7.545906360422898e-6,0,mild
Hom/Reg-like NPCs,Fibro-reg NPCs,PROS,8.425131698533001e-6,0,mild
Hom/Reg-like NPCs,Fibro-reg NPCs,Prostaglandin,1.1972302277932612e-4,0,mild
Hom/Reg-like NPCs,Fibro-reg NPCs,THBS,2.1033382533272745e-4,0,mild
Hom/Reg-like NPCs,Fibro-reg NPCs,VISFATIN,7.337594890489136e-5,0,mild
Hom/Reg-like NPCs,Hom-NPCs,ANGPTL,4.801721954170121e-5,0,mild
Hom/Reg-like NPCs,Hom-NPCs,CD99,0.004540562186598684,0,mild
Hom/Reg-like NPCs,Hom-NPCs,COLLAGEN,0.002166484591004774,0,mild
Hom/Reg-like NPCs,Hom-NPCs,FGF,5.8839329524661915e-6,0,mild
Hom/Reg-like NPCs,Hom-NPCs,THBS,6.886922098546215e-4,0,mild
Hom/Reg-like NPCs,Hom/Reg-like NPCs,ADGRG,2.1128452111903462e-4,0,mild
Hom/Reg-like NPCs,Hom/Reg-like NPCs,ANGPTL,1.0096420515366572e-4,0,mild
Hom/Reg-like NPCs,Hom/Reg-like NPCs,CD99,0.006494246162460043,0,mild
Hom/Reg-like NPCs,Hom/Reg-like NPCs,COLLAGEN,0.008731290358356769,0,mild
Hom/Reg-like NPCs,Hom/Reg-like NPCs,FGF,0.002041810295470794,0,mild
Hom/Reg-like NPCs,Hom/Reg-like NPCs,FN1,0.009192949774781958,0,mild
Hom/Reg-like NPCs,Hom/Reg-like NPCs,NEGR,7.617471518448045e-7,0,mild
Hom/Reg-like NPCs,Hom/Reg-like NPCs,PDGF,2.033934694016185e-6,0,mild
Hom/Reg-like NPCs,Hom/Reg-like NPCs,THBS,0.00148043102106039,0,mild
Hom/Reg-like NPCs,Ht-NPCs,ANGPTL,1.5707576779386543e-6,0,mild
Hom/Reg-like NPCs,Ht-NPCs,COLLAGEN,1.1888736409684434e-5,0,mild
Hom/Reg-like NPCs,Ht-NPCs,FGF,3.958654310997836e-6,0,mild
Hom/Reg-like NPCs,Ht-NPCs,PROS,4.800322071794898e-7,0,mild
Hom/Reg-like NPCs,Ht-NPCs,THBS,2.3450204207625453e-5,0,mild
Ht-NPCs,ECM/Adh-NPCs,BSP,1.152588369420047e-6,0,mild
Ht-NPCs,Eff-NPCs,BSP,3.0843113074445016e-6,0,mild
Ht-NPCs,Eff-NPCs,COLLAGEN,4.1640981742055775e-5,0,mild
Ht-NPCs,Eff-NPCs,FGF,6.615125565402989e-7,0,mild
Ht-NPCs,Eff-NPCs,FN1,6.20040195099355e-5,0,mild
Ht-NPCs,Eff-NPCs,PDGF,1.0043867496056767e-8,0,mild
Ht-NPCs,Eff-NPCs,Prostaglandin,4.617010928068448e-6,0,mild
Ht-NPCs,Eff-NPCs,SPP1,5.267240425219788e-6,0,mild
Ht-NPCs,Fibro-NPCs,BSP,3.0318643099331624e-6,0,mild
Ht-NPCs,Fibro-NPCs,COLLAGEN,2.595232249169585e-5,0,mild
Ht-NPCs,Fibro-NPCs,FN1,3.891924886735465e-5,0,mild
Ht-NPCs,Fibro-NPCs,SPP1,4.828901145902106e-6,0,mild
Ht-NPCs,Fibro-reg NPCs,ANGPTL,6.99030747556652e-7,0,mild
Ht-NPCs,Fibro-reg NPCs,BSP,1.455499797812551e-5,0,mild
Ht-NPCs,Fibro-reg NPCs,CD99,2.8678611006146613e-5,0,mild
Ht-NPCs,Fibro-reg NPCs,COLLAGEN,5.834585214454446e-5,0,mild
Ht-NPCs,Fibro-reg NPCs,FGF,1.05727315232473e-6,0,mild
Ht-NPCs,Fibro-reg NPCs,FN1,7.163340926821553e-5,0,mild
Ht-NPCs,Fibro-reg NPCs,IGF,1.490687376555553e-7,0,mild
Ht-NPCs,Fibro-reg NPCs,PDGF,1.2240838812293637e-7,0,mild
Ht-NPCs,Fibro-reg NPCs,Prostaglandin,1.5122872057033736e-6,0,mild
Ht-NPCs,Fibro-reg NPCs,SPP1,1.1186018120931816e-5,0,mild
Ht-NPCs,Fibro-reg NPCs,VISFATIN,1.3424198511192027e-6,0,mild
Ht-NPCs,Hom-NPCs,COLLAGEN,3.075807211238729e-5,0,mild
Ht-NPCs,Hom/Reg-like NPCs,ADGRG,1.5916830779003762e-6,0,mild
Ht-NPCs,Hom/Reg-like NPCs,BSP,1.9711286073905814e-5,0,mild
Ht-NPCs,Hom/Reg-like NPCs,COLLAGEN,9.3491891515184e-5,0,mild
Ht-NPCs,Hom/Reg-like NPCs,FGF,2.3703323378917167e-5,0,mild
Ht-NPCs,Hom/Reg-like NPCs,FN1,1.4455967881537858e-4,0,mild
Ht-NPCs,Hom/Reg-like NPCs,PDGF,3.2986580282009536e-8,0,mild
Ht-NPCs,Hom/Reg-like NPCs,SPP1,1.5251196494059574e-5,0,mild
Ht-NPCs,Ht-NPCs,COLLAGEN,3.4499693606830824e-8,0,mild
Ht-NPCs,Ht-NPCs,FGF,8.292881039990274e-8,0,mild
Ht-NPCs,Ht-NPCs,PCDH,2.8650333520348757e-9,0,mild
ECM/Adh-NPCs,ECM/Adh-NPCs,FGF,1.4305562715321627e-4,0,severe
ECM/Adh-NPCs,Eff-NPCs,COLLAGEN,8.995330797836086e-4,0,severe
ECM/Adh-NPCs,Eff-NPCs,FN1,0.0011379909585978616,0,severe
ECM/Adh-NPCs,Eff-NPCs,THBS,2.985323061048345e-4,0,severe
ECM/Adh-NPCs,Fibro-NPCs,FGF,1.4903862651352267e-4,0,severe
ECM/Adh-NPCs,Fibro-NPCs,FN1,0.0017176685663074012,0,severe
ECM/Adh-NPCs,Fibro-reg NPCs,ANGPTL,1.0876026235782292e-4,0,severe
ECM/Adh-NPCs,Fibro-reg NPCs,COLLAGEN,0.0051103092230243554,0,severe
ECM/Adh-NPCs,Fibro-reg NPCs,FGF,2.854946353674653e-4,0,severe
ECM/Adh-NPCs,Fibro-reg NPCs,FN1,0.005752312312694173,0,severe
ECM/Adh-NPCs,Fibro-reg NPCs,LIFR,3.6195029686504917e-6,0,severe
ECM/Adh-NPCs,Fibro-reg NPCs,Prostaglandin,5.774287353448121e-7,0,severe
ECM/Adh-NPCs,Fibro-reg NPCs,THBS,5.828012606675294e-4,0,severe
ECM/Adh-NPCs,Hom-NPCs,COLLAGEN,0.0018680719450965661,0,severe
ECM/Adh-NPCs,Hom-NPCs,FN1,0.0024400405707611502,0,severe
ECM/Adh-NPCs,Hom-NPCs,THBS,7.707277765944422e-4,0,severe
ECM/Adh-NPCs,Hom/Reg-like NPCs,COLLAGEN,0.0036188255317495914,0,severe
ECM/Adh-NPCs,Hom/Reg-like NPCs,FGF,2.578407346836653e-4,0,severe
ECM/Adh-NPCs,Hom/Reg-like NPCs,FN1,0.003893109705692255,0,severe
ECM/Adh-NPCs,Hom/Reg-like NPCs,THBS,0.0010920580250941311,0,severe
ECM/Adh-NPCs,Hom/Reg-like NPCs,VEGF,2.787039059611709e-5,0,severe
ECM/Adh-NPCs,Ht-NPCs,COLLAGEN,5.9127597821094086e-5,0,severe
ECM/Adh-NPCs,Ht-NPCs,FGF,1.3375859660826021e-5,0,severe
ECM/Adh-NPCs,Ht-NPCs,THBS,2.059105702430562e-5,0,severe
Eff-NPCs,Eff-NPCs,COLLAGEN,2.249331485860805e-5,0,severe
Eff-NPCs,Eff-NPCs,FN1,1.7646316754521543e-4,0,severe
Eff-NPCs,Eff-NPCs,Prostaglandin,3.106257345663777e-6,0,severe
Eff-NPCs,Eff-NPCs,THBS,2.6998791824303294e-5,0,severe
Eff-NPCs,Fibro-NPCs,VISFATIN,9.868034673659419e-6,0,severe
Eff-NPCs,Fibro-reg NPCs,ANGPTL,1.1164515533876167e-5,0,severe
Eff-NPCs,Fibro-reg NPCs,COLLAGEN,3.434612466976246e-4,0,severe
Eff-NPCs,Fibro-reg NPCs,FGF,3.512968592182662e-5,0,severe
Eff-NPCs,Fibro-reg NPCs,FN1,8.847823438989583e-4,0,severe
Eff-NPCs,Fibro-reg NPCs,GAP,9.814138791961585e-7,0,severe
Eff-NPCs,Fibro-reg NPCs,LIFR,3.2773807411812864e-5,0,severe
Eff-NPCs,Fibro-reg NPCs,PDGF,2.2513095252547728e-6,0,severe
Eff-NPCs,Fibro-reg NPCs,Prostaglandin,2.0646623373169512e-6,0,severe
Eff-NPCs,Fibro-reg NPCs,THBS,3.953272790461986e-5,0,severe
Eff-NPCs,Fibro-reg NPCs,VISFATIN,3.92021058799802e-5,0,severe
Eff-NPCs,Hom-NPCs,FN1,3.7442424411563796e-4,0,severe
Eff-NPCs,Hom-NPCs,THBS,8.867426970659584e-5,0,severe
Eff-NPCs,Hom/Reg-like NPCs,ADGRG,4.700545354129026e-7,0,severe
Eff-NPCs,Hom/Reg-like NPCs,COLLAGEN,7.779638364471186e-5,0,severe
Eff-NPCs,Hom/Reg-like NPCs,FGF,3.171207592113356e-5,0,severe
Eff-NPCs,Hom/Reg-like NPCs,FN1,6.051477411535292e-4,0,severe
Eff-NPCs,Hom/Reg-like NPCs,IL6,1.6055663226074507e-6,0,severe
Eff-NPCs,Hom/Reg-like NPCs,PDGF,9.363481267124689e-8,0,severe
Eff-NPCs,Hom/Reg-like NPCs,THBS,1.261727953110976e-4,0,severe
Eff-NPCs,Hom/Reg-like NPCs,VEGF,6.802763498185307e-6,0,severe
Eff-NPCs,Ht-NPCs,LIFR,2.15221896000955e-6,0,severe
Eff-NPCs,Ht-NPCs,PDGF,2.5054167432460084e-8,0,severe
Fibro-NPCs,Eff-NPCs,COLLAGEN,0.0038503856909744083,0,severe
Fibro-NPCs,Eff-NPCs,FN1,0.0012207900231931967,0,severe
Fibro-NPCs,Eff-NPCs,IGFBP,1.4221660010880297e-6,0,severe
Fibro-NPCs,Eff-NPCs,Prostaglandin,1.8774207050845708e-6,0,severe
Fibro-NPCs,Eff-NPCs,TENASCIN,4.093506872351195e-4,0,severe
Fibro-NPCs,Eff-NPCs,THBS,3.9179359932058895e-5,0,severe
Fibro-NPCs,Fibro-NPCs,CD99,0.005122579281963552,0,severe
Fibro-NPCs,Fibro-NPCs,GAP,2.8572163712560683e-5,0,severe
Fibro-NPCs,Fibro-NPCs,PERIOSTIN,2.1798096852899227e-4,0,severe
Fibro-NPCs,Fibro-reg NPCs,ANGPTL,7.462681271598118e-5,0,severe
Fibro-NPCs,Fibro-reg NPCs,CD99,0.0032269065126267625,0,severe
Fibro-NPCs,Fibro-reg NPCs,COLLAGEN,0.02098836762237805,0,severe
Fibro-NPCs,Fibro-reg NPCs,FN1,0.006125383288943667,0,severe
Fibro-NPCs,Fibro-reg NPCs,GAP,5.2490765739085964e-5,0,severe
Fibro-NPCs,Fibro-reg NPCs,IGFBP,6.0843426453740454e-6,0,severe
Fibro-NPCs,Fibro-reg NPCs,PERIOSTIN,0.0012227628041345145,0,severe
Fibro-NPCs,Fibro-reg NPCs,Prostaglandin,1.2463015979839402e-6,0,severe
Fibro-NPCs,Fibro-reg NPCs,TENASCIN,4.213923165019838e-4,0,severe
Fibro-NPCs,Fibro-reg NPCs,THBS,7.564782976018495e-5,0,severe
Fibro-NPCs,Hom-NPCs,CD99,0.00232717264598291,0,severe
Fibro-NPCs,Hom-NPCs,COLLAGEN,0.008134841669904084,0,severe
Fibro-NPCs,Hom-NPCs,FN1,0.00259269097318491,0,severe
Fibro-NPCs,Hom-NPCs,IGFBP,1.5483787975441875e-5,0,severe
Fibro-NPCs,Hom-NPCs,TENASCIN,8.453180678656948e-4,0,severe
Fibro-NPCs,Hom-NPCs,THBS,1.0036878885897447e-4,0,severe
Fibro-NPCs,Hom/Reg-like NPCs,CD99,0.0023336522390395523,0,severe
Fibro-NPCs,Hom/Reg-like NPCs,COLLAGEN,0.018046182955734315,0,severe
Fibro-NPCs,Hom/Reg-like NPCs,FN1,0.004185578579607032,0,severe
Fibro-NPCs,Hom/Reg-like NPCs,IGFBP,1.0334570560214734e-5,0,severe
Fibro-NPCs,Hom/Reg-like NPCs,PERIOSTIN,2.716397024581696e-4,0,severe
Fibro-NPCs,Hom/Reg-like NPCs,TENASCIN,0.001412818018857399,0,severe
Fibro-NPCs,Hom/Reg-like NPCs,THBS,1.435522309451196e-4,0,severe
Fibro-NPCs,Hom/Reg-like NPCs,VEGF,9.211217775163478e-6,0,severe
Fibro-NPCs,Ht-NPCs,COLLAGEN,5.428062386572118e-4,0,severe
Fibro-NPCs,Ht-NPCs,THBS,2.6708687675958737e-6,0,severe
Fibro-reg NPCs,ECM/Adh-NPCs,COLLAGEN,4.3552800796038946e-6,0,severe
Fibro-reg NPCs,ECM/Adh-NPCs,RANKL,3.210319987279921e-6,0,severe
Fibro-reg NPCs,ECM/Adh-NPCs,THBS,4.400423382359375e-5,0,severe
Fibro-reg NPCs,Eff-NPCs,COLLAGEN,0.001967061710497752,0,severe
Fibro-reg NPCs,Eff-NPCs,FN1,6.834243766334591e-4,0,severe
Fibro-reg NPCs,Eff-NPCs,GAP,9.814138791961585e-7,0,severe
Fibro-reg NPCs,Eff-NPCs,IGFBP,2.665853866401311e-6,0,severe
Fibro-reg NPCs,Eff-NPCs,Prostaglandin,1.643187935652443e-5,0,severe
Fibro-reg NPCs,Eff-NPCs,RANKL,3.435863409305103e-6,0,severe
Fibro-reg NPCs,Eff-NPCs,TENASCIN,2.4045172647665336e-4,0,severe
Fibro-reg NPCs,Eff-NPCs,TGFb,5.383863490104107e-8,0,severe
Fibro-reg NPCs,Eff-NPCs,THBS,2.943283639761339e-4,0,severe
Fibro-reg NPCs,Eff-NPCs,VISFATIN,1.3349590549520757e-6,0,severe
Fibro-reg NPCs,Fibro-NPCs,ANGPTL,6.265802550303779e-5,0,severe
Fibro-reg NPCs,Fibro-NPCs,CD99,0.0032269065126267625,0,severe
Fibro-reg NPCs,Fibro-NPCs,GAP,5.2490765739085964e-5,0,severe
Fibro-reg NPCs,Fibro-NPCs,VISFATIN,1.961128943348531e-5,0,severe
Fibro-reg NPCs,Fibro-reg NPCs,ANGPTL,2.4793318965670135e-4,0,severe
Fibro-reg NPCs,Fibro-reg NPCs,CADM,6.374176262049146e-6,0,severe
Fibro-reg NPCs,Fibro-reg NPCs,CD99,0.0020281772905039776,0,severe
Fibro-reg NPCs,Fibro-reg NPCs,COLLAGEN,0.010476295723318643,0,severe
Fibro-reg NPCs,Fibro-reg NPCs,FN1,0.003435249689083617,0,severe
Fibro-reg NPCs,Fibro-reg NPCs,GAP,9.623334420665196e-5,0,severe
Fibro-reg NPCs,Fibro-reg NPCs,GRN,1.1019403686568608e-5,0,severe
Fibro-reg NPCs,Fibro-reg NPCs,IGFBP,1.1404485624113013e-5,0,severe
Fibro-reg NPCs,Fibro-reg NPCs,JAM,4.4885884217048226e-7,0,severe
Fibro-reg NPCs,Fibro-reg NPCs,LIFR,1.5649590506701447e-6,0,severe
Fibro-reg NPCs,Fibro-reg NPCs,MPZ,1.5362016841519805e-7,0,severe
Fibro-reg NPCs,Fibro-reg NPCs,PDGF,2.328273704024937e-5,0,severe
Fibro-reg NPCs,Fibro-reg NPCs,PERIOSTIN,1.621127793579364e-4,0,severe
Fibro-reg NPCs,Fibro-reg NPCs,PTPRM,9.351052799550887e-7,0,severe
Fibro-reg NPCs,Fibro-reg NPCs,Prostaglandin,1.0924560066016287e-5,0,severe
Fibro-reg NPCs,Fibro-reg NPCs,RANKL,1.5043288423961664e-6,0,severe
Fibro-reg NPCs,Fibro-reg NPCs,TENASCIN,2.481673748946079e-4,0,severe
Fibro-reg NPCs,Fibro-reg NPCs,TGFb,5.091844843297642e-6,0,severe
Fibro-reg NPCs,Fibro-reg NPCs,THBS,5.299247871357341e-4,0,severe
Fibro-reg NPCs,Fibro-reg NPCs,VISFATIN,7.808964816022537e-5,0,severe
Fibro-reg NPCs,Hom-NPCs,CD99,0.0014680501513020079,0,severe
Fibro-reg NPCs,Hom-NPCs,COLLAGEN,0.0038898936269347716,0,severe
Fibro-reg NPCs,Hom-NPCs,FN1,0.0014547933247554927,0,severe
Fibro-reg NPCs,Hom-NPCs,IGFBP,2.900640998695304e-5,0,severe
Fibro-reg NPCs,Hom-NPCs,RANKL,9.19489575022925e-6,0,severe
Fibro-reg NPCs,Hom-NPCs,TENASCIN,4.972716029055233e-4,0,severe
Fibro-reg NPCs,Hom-NPCs,THBS,8.180937219984549e-4,0,severe
Fibro-reg NPCs,Hom/Reg-like NPCs,ADGRG,4.455359630653819e-6,0,severe
Fibro-reg NPCs,Hom/Reg-like NPCs,CD99,0.0014703988494283065,0,severe
Fibro-reg NPCs,Hom/Reg-like NPCs,COLLAGEN,0.009015364294162468,0,severe
Fibro-reg NPCs,Hom/Reg-like NPCs,FN1,0.002341925660352572,0,severe
Fibro-reg NPCs,Hom/Reg-like NPCs,IGFBP,1.9364778698788674e-5,0,severe
Fibro-reg NPCs,Hom/Reg-like NPCs,MPZ,3.732062078714194e-8,0,severe
Fibro-reg NPCs,Hom/Reg-like NPCs,PDGF,9.895216824114417e-7,0,severe
Fibro-reg NPCs,Hom/Reg-like NPCs,PERIOSTIN,3.5451366486000574e-5,0,severe
Fibro-reg NPCs,Hom/Reg-like NPCs,RANKL,5.652558782833064e-6,0,severe
Fibro-reg NPCs,Hom/Reg-like NPCs,TENASCIN,8.295924053795558e-4,0,severe
Fibro-reg NPCs,Hom/Reg-like NPCs,TGFb,2.3311565784207532e-7,0,severe
Fibro-reg NPCs,Hom/Reg-like NPCs,THBS,0.0011649561504317356,0,severe
Fibro-reg NPCs,Hom/Reg-like NPCs,VEGF,4.189214677048298e-5,0,severe
Fibro-reg NPCs,Ht-NPCs,COLLAGEN,2.590867453183273e-4,0,severe
Fibro-reg NPCs,Ht-NPCs,GAP,1.2359542474771354e-6,0,severe
Fibro-reg NPCs,Ht-NPCs,GRN,2.687746067060758e-7,0,severe
Fibro-reg NPCs,Ht-NPCs,PDGF,2.647286726605107e-7,0,severe
Fibro-reg NPCs,Ht-NPCs,RANKL,3.408351955332039e-7,0,severe
Fibro-reg NPCs,Ht-NPCs,THBS,1.4253911260892645e-5,0,severe
Hom-NPCs,Eff-NPCs,COLLAGEN,8.34080139449391e-5,0,severe
Hom-NPCs,Eff-NPCs,FN1,4.8143347469677535e-4,0,severe
Hom-NPCs,Eff-NPCs,Prostaglandin,1.1881485807497881e-5,0,severe
Hom-NPCs,Eff-NPCs,THBS,4.635214574187272e-5,0,severe
Hom-NPCs,Fibro-NPCs,CD99,0.00232717264598291,0,severe
Hom-NPCs,Fibro-reg NPCs,ANGPTL,4.018186097012586e-5,0,severe
Hom-NPCs,Fibro-reg NPCs,CD99,0.0014680501513020079,0,severe
Hom-NPCs,Fibro-reg NPCs,COLLAGEN,6.605666681624692e-4,0,severe
Hom-NPCs,Fibro-reg NPCs,FGF,7.845819998199594e-5,0,severe
Hom-NPCs,Fibro-reg NPCs,FN1,0.00239708651576936,0,severe
Hom-NPCs,Fibro-reg NPCs,MHC-II,7.447543532711603e-7,0,severe
Hom-NPCs,Fibro-reg NPCs,Prostaglandin,7.8984546999296e-6,0,severe
Hom-NPCs,Fibro-reg NPCs,THBS,6.756549836402254e-5,0,severe
Hom-NPCs,Hom-NPCs,FN1,0.0010123587889494922,0,severe
Hom-NPCs,Hom/Reg-like NPCs,ADGRG,7.031944020780795e-7,0,severe
Hom-NPCs,Hom/Reg-like NPCs,CD99,0.0010600162420224444,0,severe
Hom-NPCs,Hom/Reg-like NPCs,COLLAGEN,2.8845514196570163e-4,0,severe
Hom-NPCs,Hom/Reg-like NPCs,FGF,7.080471639892519e-5,0,severe
Hom-NPCs,Hom/Reg-like NPCs,FN1,0.0016544633132450348,0,severe
Hom-NPCs,Hom/Reg-like NPCs,THBS,1.6039736386816783e-4,0,severe
Hom-NPCs,Hom/Reg-like NPCs,VEGF,7.359131890148727e-6,0,severe
Hom/Reg-like NPCs,ECM/Adh-NPCs,COLLAGEN,6.477713030854529e-5,0,severe
Hom/Reg-like NPCs,ECM/Adh-NPCs,FGF,1.1830648051184332e-4,0,severe
Hom/Reg-like NPCs,Eff-NPCs,COLLAGEN,4.657567840960858e-4,0,severe
Hom/Reg-like NPCs,Eff-NPCs,FN1,4.980659921774027e-4,0,severe
Hom/Reg-like NPCs,Eff-NPCs,IGF,2.655745144676889e-6,0,severe
Hom/Reg-like NPCs,Eff-NPCs,Prostaglandin,1.4735881330757139e-5,0,severe
Hom/Reg-like NPCs,Eff-NPCs,THBS,2.840375965036077e-4,0,severe
Hom/Reg-like NPCs,Fibro-NPCs,ANGPTL,4.236445056926052e-5,0,severe
Hom/Reg-like NPCs,Fibro-NPCs,CD99,0.0023336522390395523,0,severe
Hom/Reg-like NPCs,Fibro-NPCs,FGF,1.2328116026130514e-4,0,severe
Hom/Reg-like NPCs,Fibro-NPCs,VISFATIN,1.8601006193409992e-5,0,severe
Hom/Reg-like NPCs,Fibro-reg NPCs,ANGPTL,1.6798026965488458e-4,0,severe
Hom/Reg-like NPCs,Fibro-reg NPCs,CD99,0.0014703988494283065,0,severe
Hom/Reg-like NPCs,Fibro-reg NPCs,COLLAGEN,0.0034193962740122646,0,severe
Hom/Reg-like NPCs,Fibro-reg NPCs,FGF,2.3563826526502163e-4,0,severe
Hom/Reg-like NPCs,Fibro-reg NPCs,FN1,0.002489030175427827,0,severe
Hom/Reg-like NPCs,Fibro-reg NPCs,IGF,3.417096308665698e-6,0,severe
Hom/Reg-like NPCs,Fibro-reg NPCs,LIFR,3.929385577113332e-6,0,severe
Hom/Reg-like NPCs,Fibro-reg NPCs,MPZ,3.732062078714194e-8,0,severe
Hom/Reg-like NPCs,Fibro-reg NPCs,PDGF,3.1305559649669343e-6,0,severe
Hom/Reg-like NPCs,Fibro-reg NPCs,Prostaglandin,9.801562456237594e-6,0,severe
Hom/Reg-like NPCs,Fibro-reg NPCs,THBS,5.543005181224585e-4,0,severe
Hom/Reg-like NPCs,Fibro-reg NPCs,VISFATIN,7.404879185338662e-5,0,severe
Hom/Reg-like NPCs,Hom-NPCs,CD99,0.0010600162420224444,0,severe
Hom/Reg-like NPCs,Hom-NPCs,COLLAGEN,9.412811078884595e-4,0,severe
Hom/Reg-like NPCs,Hom-NPCs,FN1,0.0010523033740492756,0,severe
Hom/Reg-like NPCs,Hom-NPCs,THBS,7.331139485859294e-4,0,severe
Hom/Reg-like NPCs,Hom/Reg-like NPCs,ADGRG,4.587628204725377e-6,0,severe
Hom/Reg-like NPCs,Hom/Reg-like NPCs,CD99,0.0010630975233297815,0,severe
Hom/Reg-like NPCs,Hom/Reg-like NPCs,COLLAGEN,0.002296790956672179,0,severe
Hom/Reg-like NPCs,Hom/Reg-like NPCs,FGF,2.1291095728754884e-4,0,severe
Hom/Reg-like NPCs,Hom/Reg-like NPCs,FN1,0.0017097253962455742,0,severe
Hom/Reg-like NPCs,Hom/Reg-like NPCs,MPZ,9.066674100056834e-9,0,severe
Hom/Reg-like NPCs,Hom/Reg-like NPCs,PDGF,1.3569787063928087e-7,0,severe
Hom/Reg-like NPCs,Hom/Reg-like NPCs,THBS,0.0010390931173838544,0,severe
Hom/Reg-like NPCs,Hom/Reg-like NPCs,VEGF,3.3625764583103445e-5,0,severe
Hom/Reg-like NPCs,Ht-NPCs,COLLAGEN,6.252454713903835e-5,0,severe
Hom/Reg-like NPCs,Ht-NPCs,FGF,1.1052517807508204e-5,0,severe
Hom/Reg-like NPCs,Ht-NPCs,PDGF,3.631130000897148e-8,0,severe
Hom/Reg-like NPCs,Ht-NPCs,THBS,1.9583659180121388e-5,0,severe
Ht-NPCs,ECM/Adh-NPCs,BSP,4.078154604472113e-6,0,severe
Ht-NPCs,ECM/Adh-NPCs,COLLAGEN,5.256729123473065e-7,0,severe
Ht-NPCs,ECM/Adh-NPCs,SPP1,1.390925654536322e-6,0,severe
Ht-NPCs,Eff-NPCs,BSP,2.217753335796073e-6,0,severe
Ht-NPCs,Eff-NPCs,COLLAGEN,8.714124941643827e-5,0,severe
Ht-NPCs,Eff-NPCs,FN1,3.287651998339724e-5,0,severe
Ht-NPCs,Eff-NPCs,Prostaglandin,2.564805211690639e-7,0,severe
Ht-NPCs,Eff-NPCs,SPP1,2.2357711690414586e-6,0,severe
Ht-NPCs,Eff-NPCs,THBS,1.2611035488054615e-5,0,severe
Ht-NPCs,Fibro-NPCs,BSP,2.3083792554386824e-5,0,severe
Ht-NPCs,Fibro-NPCs,SPP1,4.3461336188403975e-5,0,severe
Ht-NPCs,Fibro-reg NPCs,ANGPTL,1.0381360588286135e-5,0,severe
Ht-NPCs,Fibro-reg NPCs,BSP,1.2431831809184792e-4,0,severe
Ht-NPCs,Fibro-reg NPCs,COLLAGEN,4.625046396143023e-4,0,severe
Ht-NPCs,Fibro-reg NPCs,FGF,3.054314950355714e-6,0,severe
Ht-NPCs,Fibro-reg NPCs,FN1,1.6321158281513e-4,0,severe
Ht-NPCs,Fibro-reg NPCs,GAP,1.2359542474771354e-6,0,severe
Ht-NPCs,Fibro-reg NPCs,GRN,1.594926100299961e-6,0,severe
Ht-NPCs,Fibro-reg NPCs,PDGF,2.237201549428471e-7,0,severe
Ht-NPCs,Fibro-reg NPCs,Prostaglandin,1.703127562915676e-7,0,severe
Ht-NPCs,Fibro-reg NPCs,SPP1,1.309453268092285e-4,0,severe
Ht-NPCs,Fibro-reg NPCs,THBS,1.590629716401477e-5,0,severe
Ht-NPCs,Fibro-reg NPCs,VISFATIN,8.284465717978141e-6,0,severe
Ht-NPCs,Hom-NPCs,COLLAGEN,1.4268929567297353e-4,0,severe
Ht-NPCs,Hom-NPCs,THBS,3.565420765468946e-5,0,severe
Ht-NPCs,Hom/Reg-like NPCs,BSP,2.8557076963100004e-5,0,severe
Ht-NPCs,Hom/Reg-like NPCs,COLLAGEN,4.023861756217834e-4,0,severe
Ht-NPCs,Hom/Reg-like NPCs,FGF,2.755657959015222e-6,0,severe
Ht-NPCs,Hom/Reg-like NPCs,FN1,1.1308244118170036e-4,0,severe
Ht-NPCs,Hom/Reg-like NPCs,SPP1,2.105097719595779e-5,0,severe
Ht-NPCs,Hom/Reg-like NPCs,THBS,5.679199950338815e-5,0,severe
Ht-NPCs,Hom/Reg-like NPCs,VEGF,7.873162103408054e-7,0,severe
Ht-NPCs,Ht-NPCs,COLLAGEN,9.514978859846807e-6,0,severe
Ht-NPCs,Ht-NPCs,GRN,3.891334238850596e-8,0,severe
Ht-NPCs,Ht-NPCs,THBS,9.520779141766904e-7,0,severe
